id,area,decision,trades,net,expectancy,bps,champion_net,champion_expectancy,champion_bps,windows_won,windows,bootstrap_p,permutation_p,alpha,ideas_tried,note,reasons
sz_risk_1pct,position_sizing,rejected,1243,-1477.26,-1.1885,-16.49,-1475.10,-1.1954,-16.80,4,12,0.527095,0.548290,0.001042,48,Same midmorning signals. Only the size or the daily stop changes.,"Pooled sample does not beat the champion on net and expectancy (challenger $-1477 on 1243 trades, $-1.19/trade, -16.5 bp; champion $-1475 on 1234 trades, $-1.20/trade, -16.8 bp). Does not beat the champion in every market regime (up, low_vol). Does not beat the champion in every ticker group (megacap). Beats the champion in 1 half-year; need at least 2. Improves in 4 of 12 windows; need at least 9 (75%). After removing the top 5 days by daily gap (2023-03-10, 2024-08-14, 2026-02-06, 2025-04-11, 2026-02-10), the challenger is behind on net, dollars per trade (challenger $-1483 on 1230 trades, $-1.21/trade, -16.6 bp; champion $-1459 on 1220 trades, $-1.20/trade, -16.7 bp). Paired tests do not clear the Bonferroni line for 48 ideas tried (bootstrap p=0.5271, permutation p=0.5483, alpha=0.00104). Fresh out-of-sample slice was not read. It opens only when this challenger is the only one that has already passed the walk-forward and consistency bars. The holdout was not read."
sz_risk_half_pct,position_sizing,rejected,1342,-1479.94,-1.1028,-18.08,-1475.10,-1.1954,-16.80,0,12,0.537892,0.536493,0.001042,48,Same midmorning signals. Only the size or the daily stop changes.,"Pooled sample does not beat the champion on net and expectancy (challenger $-1480 on 1342 trades, $-1.10/trade, -18.1 bp; champion $-1475 on 1234 trades, $-1.20/trade, -16.8 bp). Does not beat the champion in every market regime (up, down, high_vol, low_vol). Does not beat the champion in every ticker group (megacap, high_beta). Beats the champion in 0 half-years; need at least 2. Improves in 0 of 12 windows; need at least 9 (75%). After removing the top 5 days by daily gap (2023-03-20, 2023-01-26, 2024-08-14, 2024-07-01, 2023-08-07), the challenger is behind on net, basis points per trade (challenger $-1451 on 1325 trades, $-1.10/trade, -17.9 bp; champion $-1394 on 1223 trades, $-1.14/trade, -16.6 bp). Paired tests do not clear the Bonferroni line for 48 ideas tried (bootstrap p=0.5379, permutation p=0.5365, alpha=0.00104). Fresh out-of-sample slice was not read. It opens only when this challenger is the only one that has already passed the walk-forward and consistency bars. The holdout was not read."
sz_one_position,position_sizing,rejected,1115,-1419.65,-1.2732,-11.49,-1475.10,-1.1954,-16.80,0,12,0.000400,0.000200,0.001042,48,Same midmorning signals. Only the size or the daily stop changes.,"Pooled sample does not beat the champion on net and expectancy (challenger $-1420 on 1115 trades, $-1.27/trade, -11.5 bp; champion $-1475 on 1234 trades, $-1.20/trade, -16.8 bp). Does not beat the champion in every market regime (up, down, high_vol, low_vol). Does not beat the champion in every ticker group (megacap, high_beta). Beats the champion in 0 half-years; need at least 2. Improves in 0 of 12 windows; need at least 9 (75%). After removing the top 5 days by daily gap (2024-02-06, 2025-01-29, 2024-03-13, 2025-11-12, 2024-06-04), the challenger is behind on dollars per trade (challenger $-1425 on 1101 trades, $-1.29/trade, -11.6 bp; champion $-1466 on 1207 trades, $-1.21/trade, -16.6 bp). Fresh out-of-sample slice was not read. It opens only when this challenger is the only one that has already passed the walk-forward and consistency bars. The holdout was not read."
sz_daily_stop,position_sizing,rejected,1057,-1339.03,-1.2668,-16.91,-1475.10,-1.1954,-16.80,3,12,0.005599,0.006799,0.001042,48,Same midmorning signals. Only the size or the daily stop changes.,"Pooled sample does not beat the champion on net and expectancy (challenger $-1339 on 1057 trades, $-1.27/trade, -16.9 bp; champion $-1475 on 1234 trades, $-1.20/trade, -16.8 bp). Does not beat the champion in every market regime (up, down, high_vol). Does not beat the champion in every ticker group (megacap, high_beta). Improves in 3 of 12 windows; need at least 9 (75%). After removing the top 5 days by daily gap (2023-08-07, 2023-03-01, 2024-11-14, 2023-11-30, 2023-04-11), the challenger is behind on dollars per trade, basis points per trade (challenger $-1300 on 1046 trades, $-1.24/trade, -16.6 bp; champion $-1382 on 1216 trades, $-1.14/trade, -16.3 bp). Paired tests do not clear the Bonferroni line for 48 ideas tried (bootstrap p=0.0056, permutation p=0.0068, alpha=0.00104). Fresh out-of-sample slice was not read. It opens only when this challenger is the only one that has already passed the walk-forward and consistency bars. The holdout was not read."
sz_kelly_cap,position_sizing,rejected,0,0.00,,,-1475.10,-1.1954,-16.80,0,12,0.000200,0.000200,0.001042,48,"Kelly uses full-ticket champion returns from earlier sessions only, needs 80 of them, and caps f* at 25%. 0 of 1799 spells had f* > 0.","Pooled sample does not beat the champion on net and expectancy (challenger $0 on 0 trades, n/a, n/a; champion $-1475 on 1234 trades, $-1.20/trade, -16.8 bp). Does not beat the champion in every market regime (up, down, high_vol, low_vol). Does not beat the champion in every ticker group (megacap, high_beta). Beats the champion in 0 half-years; need at least 2. Improves in 0 of 12 windows; need at least 9 (75%). After removing the top 5 days by daily gap (2023-01-26, 2023-04-11, 2023-02-09, 2023-08-07, 2023-07-21), the challenger is behind on net, dollars per trade, and basis points per trade (challenger $0 on 0 trades, n/a, n/a; champion $-1350 on 1220 trades, $-1.11/trade, -16.5 bp). Fresh out-of-sample slice was not read. It opens only when this challenger is the only one that has already passed the walk-forward and consistency bars. The holdout was not read."
tod_open,time_of_day,rejected,517,-657.33,-1.2714,-13.20,-1475.10,-1.1954,-16.80,4,12,0.000200,0.000200,0.001042,48,"On-list bar in [585, 630) minutes from midnight. 712 of 11116 appearances.","Pooled sample does not beat the champion on net and expectancy (challenger $-657 on 517 trades, $-1.27/trade, -13.2 bp; champion $-1475 on 1234 trades, $-1.20/trade, -16.8 bp). Does not beat the champion in every market regime (up, down, high_vol). Does not beat the champion in every ticker group (high_beta). Improves in 4 of 12 windows; need at least 9 (75%). After removing the top 5 days by daily gap (2023-02-10, 2023-03-01, 2023-01-26, 2023-03-21, 2025-02-07), the challenger is behind on dollars per trade (challenger $-644 on 515 trades, $-1.25/trade, -13.1 bp; champion $-1375 on 1220 trades, $-1.13/trade, -16.4 bp). Fresh out-of-sample slice was not read. It opens only when this challenger is the only one that has already passed the walk-forward and consistency bars. The holdout was not read."
tod_midday,time_of_day,rejected,1876,-1998.83,-1.0655,-27.56,-1475.10,-1.1954,-16.80,0,12,0.999200,0.998800,0.001042,48,"On-list bar in [660, 780) minutes from midnight. 4844 of 11116 appearances.","Pooled sample does not beat the champion on net and expectancy (challenger $-1999 on 1876 trades, $-1.07/trade, -27.6 bp; champion $-1475 on 1234 trades, $-1.20/trade, -16.8 bp). Does not beat the champion in every market regime (up, down, high_vol, low_vol). Does not beat the champion in every ticker group (megacap, high_beta). Beats the champion in 0 half-years; need at least 2. Improves in 0 of 12 windows; need at least 9 (75%). Severe regression in 2023H1: net is $379 worse than the champion, past the $212 limit. Severe regression in 2024H1: net is $250 worse than the champion, past the $212 limit. Severe regression in 2024H2: expectancy is 27.5 bp worse than the champion, past the 15 bp limit. Severe regression in 2025H1: expectancy is 47.0 bp worse than the champion, past the 15 bp limit. Severe regression in up: net is $233 worse than the champion, past the $212 limit. Severe regression in down: net is $291 worse than the champion, past the $212 limit. Severe regression in high_vol: net is $257 worse than the champion, past the $212 limit. Severe regression in low_vol: net is $267 worse than the champion, past the $212 limit. Severe regression in high_beta: net is $432 worse than the champion, past the $212 limit. After removing the top 5 days by daily gap (2023-01-26, 2023-03-01, 2023-02-09, 2023-08-07, 2024-08-06), the challenger is behind on net, basis points per trade (challenger $-1985 on 1857 trades, $-1.07/trade, -27.6 bp; champion $-1360 on 1219 trades, $-1.12/trade, -16.4 bp). Paired tests do not clear the Bonferroni line for 48 ideas tried (bootstrap p=0.9992, permutation p=0.9988, alpha=0.00104). Fresh out-of-sample slice was not read. It opens only when this challenger is the only one that has already passed the walk-forward and consistency bars. The holdout was not read."
tod_afternoon,time_of_day,rejected,1719,-1858.60,-1.0812,-21.73,-1475.10,-1.1954,-16.80,0,12,0.983603,0.978604,0.001042,48,"On-list bar in [780, 870) minutes from midnight. 2896 of 11116 appearances.","Pooled sample does not beat the champion on net and expectancy (challenger $-1859 on 1719 trades, $-1.08/trade, -21.7 bp; champion $-1475 on 1234 trades, $-1.20/trade, -16.8 bp). Does not beat the champion in every market regime (up, down, high_vol, low_vol). Does not beat the champion in every ticker group (megacap, high_beta). Beats the champion in 0 half-years; need at least 2. Improves in 0 of 12 windows; need at least 9 (75%). Severe regression in down: net is $303 worse than the champion, past the $212 limit. Severe regression in low_vol: net is $260 worse than the champion, past the $212 limit. Severe regression in high_beta: net is $215 worse than the champion, past the $212 limit. After removing the top 5 days by daily gap (2023-01-26, 2023-04-11, 2023-07-21, 2023-07-10, 2023-08-07), the challenger is behind on net, basis points per trade (challenger $-1884 on 1702 trades, $-1.11/trade, -21.9 bp; champion $-1360 on 1218 trades, $-1.12/trade, -16.3 bp). Paired tests do not clear the Bonferroni line for 48 ideas tried (bootstrap p=0.9836, permutation p=0.9786, alpha=0.00104). Fresh out-of-sample slice was not read. It opens only when this challenger is the only one that has already passed the walk-forward and consistency bars. The holdout was not read."
tod_last_hour,time_of_day,rejected,1095,-1279.88,-1.1688,-15.68,-1475.10,-1.1954,-16.80,6,12,0.123575,0.120776,0.001042,48,"On-list bar in [870, 930) minutes from midnight. 1577 of 11116 appearances.","Does not beat the champion in every market regime (up, down, high_vol). Does not beat the champion in every ticker group (high_beta). Improves in 6 of 12 windows; need at least 9 (75%). After removing the top 5 days by daily gap (2023-01-26, 2023-02-09, 2023-04-11, 2023-10-25, 2023-03-01), the challenger is behind on dollars per trade (challenger $-1279 on 1085 trades, $-1.18/trade, -15.4 bp; champion $-1355 on 1218 trades, $-1.11/trade, -16.4 bp). Paired tests do not clear the Bonferroni line for 48 ideas tried (bootstrap p=0.1236, permutation p=0.1208, alpha=0.00104). Fresh out-of-sample slice was not read. It opens only when this challenger is the only one that has already passed the walk-forward and consistency bars. The holdout was not read."
liq_half_spread,liquidity,rejected,1056,-1901.19,-1.8004,-32.34,-1475.10,-1.1954,-16.80,0,12,1.000000,1.000000,0.001042,48,Mean extra slippage 4.494 bp. 0 spells had no previous bar and kept a zero spread.,"Pooled sample does not beat the champion on net and expectancy (challenger $-1901 on 1056 trades, $-1.80/trade, -32.3 bp; champion $-1475 on 1234 trades, $-1.20/trade, -16.8 bp). Does not beat the champion in every market regime (up, down, high_vol, low_vol). Does not beat the champion in every ticker group (megacap, high_beta). Beats the champion in 0 half-years; need at least 2. Improves in 0 of 12 windows; need at least 9 (75%). Severe regression in 2023H1: net is $278 worse than the champion, past the $212 limit. Severe regression in 2024H2: expectancy is 17.1 bp worse than the champion, past the 15 bp limit. Severe regression in 2025H1: expectancy is 23.6 bp worse than the champion, past the 15 bp limit. Severe regression in 2025H2: expectancy is 25.5 bp worse than the champion, past the 15 bp limit. Severe regression in up: net is $322 worse than the champion, past the $212 limit. Severe regression in down: expectancy is 15.3 bp worse than the champion, past the 15 bp limit. Severe regression in high_vol: net is $281 worse than the champion, past the $212 limit. Severe regression in low_vol: expectancy is 15.5 bp worse than the champion, past the 15 bp limit. Severe regression in high_beta: net is $354 worse than the champion, past the $212 limit. After removing the top 5 days by daily gap (2026-01-02, 2025-12-04, 2024-11-14, 2025-02-25, 2025-02-07), the challenger is behind on net, dollars per trade, basis points per trade (challenger $-1881 on 1047 trades, $-1.80/trade, -32.1 bp; champion $-1416 on 1218 trades, $-1.16/trade, -16.4 bp). Paired tests do not clear the Bonferroni line for 48 ideas tried (bootstrap p=1.0000, permutation p=1.0000, alpha=0.00104). Fresh out-of-sample slice was not read. It opens only when this challenger is the only one that has already passed the walk-forward and consistency bars. The holdout was not read."
liq_participation,liquidity,rejected,1207,-1517.80,-1.2575,-17.67,-1475.10,-1.1954,-16.80,0,12,0.997401,0.998200,0.001042,48,Skipped 0 of 1799 spells with no dollar volume. Mean square-root impact 0.266 bp.,"Pooled sample does not beat the champion on net and expectancy (challenger $-1518 on 1207 trades, $-1.26/trade, -17.7 bp; champion $-1475 on 1234 trades, $-1.20/trade, -16.8 bp). Does not beat the champion in every market regime (up, down, high_vol, low_vol). Does not beat the champion in every ticker group (megacap, high_beta). Beats the champion in 0 half-years; need at least 2. Improves in 0 of 12 windows; need at least 9 (75%). After removing the top 5 days by daily gap (2026-02-10, 2026-02-06, 2026-02-09, 2025-11-12, 2025-01-29), the challenger is behind on net, dollars per trade, basis points per trade (challenger $-1514 on 1200 trades, $-1.26/trade, -17.7 bp; champion $-1454 on 1218 trades, $-1.19/trade, -16.6 bp). Paired tests do not clear the Bonferroni line for 48 ideas tried (bootstrap p=0.9974, permutation p=0.9982, alpha=0.00104). Fresh out-of-sample slice was not read. It opens only when this challenger is the only one that has already passed the walk-forward and consistency bars. The holdout was not read."
liq_dvol,liquidity,rejected,1234,-1475.10,-1.1954,-16.80,-1475.10,-1.1954,-16.80,0,12,1.000000,1.000000,0.001042,48,"Entry-bar dollar volume at least $5,000,000. Kept 1799 of 1799.","Pooled sample does not beat the champion on net and expectancy (challenger $-1475 on 1234 trades, $-1.20/trade, -16.8 bp; champion $-1475 on 1234 trades, $-1.20/trade, -16.8 bp). Does not beat the champion in every market regime (up, down, high_vol, low_vol). Does not beat the champion in every ticker group (megacap, high_beta). Beats the champion in 0 half-years; need at least 2. Improves in 0 of 12 windows; need at least 9 (75%). After removing the top 5 days by daily gap (2023-01-03, 2023-01-04, 2023-01-05, 2023-01-06, 2023-01-09), the challenger is behind on net, dollars per trade, basis points per trade (challenger $-1498 on 1228 trades, $-1.22/trade, -17.0 bp; champion $-1498 on 1228 trades, $-1.22/trade, -17.0 bp). Paired tests do not clear the Bonferroni line for 48 ideas tried (bootstrap p=1.0000, permutation p=1.0000, alpha=0.00104). Fresh out-of-sample slice was not read. It opens only when this challenger is the only one that has already passed the walk-forward and consistency bars. The holdout was not read."
reg_spy_vwap,market_regime,rejected,751,-930.92,-1.2396,-14.18,-1475.10,-1.1954,-16.80,4,12,0.000200,0.000200,0.001042,48,Took 1013. Stood aside 786 under VWAP. Skipped 0 with no SPY bar.,"Pooled sample does not beat the champion on net and expectancy (challenger $-931 on 751 trades, $-1.24/trade, -14.2 bp; champion $-1475 on 1234 trades, $-1.20/trade, -16.8 bp). Does not beat the champion in every market regime (up, down, low_vol). Does not beat the champion in every ticker group (megacap). Improves in 4 of 12 windows; need at least 9 (75%). After removing the top 5 days by daily gap (2023-02-09, 2023-01-26, 2023-03-21, 2025-02-07, 2024-09-10), the challenger is behind on dollars per trade (challenger $-911 on 750 trades, $-1.21/trade, -14.1 bp; champion $-1367 on 1222 trades, $-1.12/trade, -16.4 bp). Fresh out-of-sample slice was not read. It opens only when this challenger is the only one that has already passed the walk-forward and consistency bars. The holdout was not read."
reg_high_range,market_regime,rejected,923,-1219.16,-1.3209,-16.37,-1475.10,-1.1954,-16.80,1,12,0.000400,0.000200,0.001042,48,"Stood aside 415 of 1799 after a wide prior SPY day, or before 60 prior sessions existed.","Pooled sample does not beat the champion on net and expectancy (challenger $-1219 on 923 trades, $-1.32/trade, -16.4 bp; champion $-1475 on 1234 trades, $-1.20/trade, -16.8 bp). Does not beat the champion in every market regime (up, down, high_vol, low_vol). Does not beat the champion in every ticker group (megacap, high_beta). Beats the champion in 1 half-year; need at least 2. Improves in 1 of 12 windows; need at least 9 (75%). After removing the top 5 days by daily gap (2023-08-07, 2024-08-06, 2024-04-19, 2023-09-27, 2024-07-01), the challenger is behind on dollars per trade (challenger $-1219 on 923 trades, $-1.32/trade, -16.4 bp; champion $-1397 on 1217 trades, $-1.15/trade, -16.5 bp). Fresh out-of-sample slice was not read. It opens only when this challenger is the only one that has already passed the walk-forward and consistency bars. The holdout was not read."
reg_falling_tape,market_regime,rejected,1025,-1256.74,-1.2261,-14.02,-1475.10,-1.1954,-16.80,4,12,0.000200,0.000400,0.001042,48,Took 1476. Stood aside 323 when SPY was down 0.30% or more from the open. Skipped 0 with no SPY bar.,"Pooled sample does not beat the champion on net and expectancy (challenger $-1257 on 1025 trades, $-1.23/trade, -14.0 bp; champion $-1475 on 1234 trades, $-1.20/trade, -16.8 bp). Does not beat the champion in every market regime (up, high_vol, low_vol). Does not beat the champion in every ticker group (megacap). Improves in 4 of 12 windows; need at least 9 (75%). After removing the top 5 days by daily gap (2025-02-07, 2023-08-02, 2023-05-12, 2024-04-17, 2023-08-08), the challenger is behind on dollars per trade (challenger $-1257 on 1025 trades, $-1.23/trade, -14.0 bp; champion $-1405 on 1217 trades, $-1.15/trade, -16.1 bp). Fresh out-of-sample slice was not read. It opens only when this challenger is the only one that has already passed the walk-forward and consistency bars. The holdout was not read."
