id,fold,vote,trades,net,avg_bps
sz_risk_1pct,2023H1,True,172,-257.18,-17.96
sz_risk_1pct,2023H2,True,214,-306.36,-19.23
sz_risk_1pct,2024H1,True,211,-259.02,-14.27
sz_risk_1pct,2024H2,True,170,-139.66,-9.82
sz_risk_1pct,2025H1,True,165,-187.57,-16.82
sz_risk_1pct,2025H2,True,221,-236.67,-18.10
sz_risk_1pct,2026Q1,False,90,-90.80,-20.38
sz_risk_half_pct,2023H1,True,205,-270.82,-21.05
sz_risk_half_pct,2023H2,True,237,-312.81,-16.36
sz_risk_half_pct,2024H1,True,241,-270.87,-16.23
sz_risk_half_pct,2024H2,True,184,-135.70,-12.41
sz_risk_half_pct,2025H1,True,169,-181.75,-18.91
sz_risk_half_pct,2025H2,True,216,-213.79,-19.98
sz_risk_half_pct,2026Q1,False,90,-94.20,-26.22
sz_one_position,2023H1,True,149,-238.67,-8.28
sz_one_position,2023H2,True,186,-283.73,-9.32
sz_one_position,2024H1,True,184,-247.61,-9.98
sz_one_position,2024H2,True,157,-149.62,-8.25
sz_one_position,2025H1,True,146,-182.32,-12.69
sz_one_position,2025H2,True,201,-214.81,-15.05
sz_one_position,2026Q1,False,92,-102.89,-20.00
sz_daily_stop,2023H1,True,145,-290.67,-24.18
sz_daily_stop,2023H2,True,179,-218.96,-19.13
sz_daily_stop,2024H1,True,171,-228.34,-14.65
sz_daily_stop,2024H2,True,149,-133.76,-10.42
sz_daily_stop,2025H1,True,145,-189.56,-16.71
sz_daily_stop,2025H2,True,184,-175.48,-15.31
sz_daily_stop,2026Q1,False,84,-102.24,-19.58
sz_kelly_cap,2023H1,True,0,0.00,
sz_kelly_cap,2023H2,True,0,0.00,
sz_kelly_cap,2024H1,True,0,0.00,
sz_kelly_cap,2024H2,True,0,0.00,
sz_kelly_cap,2025H1,True,0,0.00,
sz_kelly_cap,2025H2,True,0,0.00,
sz_kelly_cap,2026Q1,False,0,0.00,
tod_open,2023H1,True,74,-99.76,-19.19
tod_open,2023H2,True,84,-97.89,-15.33
tod_open,2024H1,True,89,-114.44,-13.48
tod_open,2024H2,True,65,-87.80,-8.79
tod_open,2025H1,True,68,-76.95,-13.86
tod_open,2025H2,True,99,-125.89,-8.83
tod_open,2026Q1,False,38,-54.61,-13.92
tod_midday,2023H1,True,451,-630.98,-23.54
tod_midday,2023H2,True,454,-470.09,-19.37
tod_midday,2024H1,True,489,-510.40,-22.92
tod_midday,2024H2,True,366,-304.68,-37.90
tod_midday,2025H1,True,116,-82.68,-62.26
tod_midday,2025H2,True,0,0.00,
tod_midday,2026Q1,False,0,0.00,
tod_afternoon,2023H1,True,275,-340.44,-23.56
tod_afternoon,2023H2,True,274,-349.74,-18.74
tod_afternoon,2024H1,True,322,-340.56,-15.97
tod_afternoon,2024H2,True,283,-325.59,-19.00
tod_afternoon,2025H1,True,246,-228.84,-21.26
tod_afternoon,2025H2,True,225,-199.40,-29.39
tod_afternoon,2026Q1,False,94,-74.02,-35.95
tod_last_hour,2023H1,True,157,-278.21,-26.72
tod_last_hour,2023H2,True,175,-193.12,-17.25
tod_last_hour,2024H1,True,172,-167.28,-11.87
tod_last_hour,2024H2,True,149,-203.90,-13.55
tod_last_hour,2025H1,True,162,-166.28,-12.57
tod_last_hour,2025H2,True,186,-175.92,-12.79
tod_last_hour,2026Q1,False,94,-95.17,-15.78
liq_half_spread,2023H1,True,165,-529.81,-31.74
liq_half_spread,2023H2,True,205,-479.97,-26.57
liq_half_spread,2024H1,True,216,-353.01,-29.43
liq_half_spread,2024H2,True,166,-220.08,-27.54
liq_half_spread,2025H1,True,145,-175.77,-38.87
liq_half_spread,2025H2,True,122,-108.66,-42.78
liq_half_spread,2026Q1,False,37,-33.88,-45.59
liq_participation,2023H1,True,169,-272.55,-21.26
liq_participation,2023H2,True,208,-314.49,-19.81
liq_participation,2024H1,True,213,-272.59,-17.10
liq_participation,2024H2,True,163,-159.19,-10.38
liq_participation,2025H1,True,157,-185.17,-16.56
liq_participation,2025H2,True,213,-221.49,-17.42
liq_participation,2026Q1,False,84,-92.32,-23.42
liq_dvol,2023H1,True,168,-251.48,-19.05
liq_dvol,2023H2,True,212,-303.12,-20.47
liq_dvol,2024H1,True,214,-260.69,-14.96
liq_dvol,2024H2,True,168,-149.54,-10.45
liq_dvol,2025H1,True,161,-186.04,-15.23
liq_dvol,2025H2,True,217,-221.78,-17.27
liq_dvol,2026Q1,False,94,-102.46,-21.62
reg_spy_vwap,2023H1,True,110,-164.58,-24.43
reg_spy_vwap,2023H2,True,122,-169.26,-16.89
reg_spy_vwap,2024H1,True,124,-178.68,-12.84
reg_spy_vwap,2024H2,True,112,-84.58,-8.03
reg_spy_vwap,2025H1,True,97,-125.91,-11.84
reg_spy_vwap,2025H2,True,120,-132.16,-10.76
reg_spy_vwap,2026Q1,False,66,-75.74,-14.68
reg_high_range,2023H1,True,146,-271.35,-22.49
reg_high_range,2023H2,True,169,-223.58,-20.64
reg_high_range,2024H1,True,152,-208.78,-15.87
reg_high_range,2024H2,True,116,-80.98,-5.71
reg_high_range,2025H1,True,115,-144.09,-14.13
reg_high_range,2025H2,True,166,-195.19,-14.26
reg_high_range,2026Q1,False,59,-95.19,-21.58
reg_falling_tape,2023H1,True,130,-195.19,-14.45
reg_falling_tape,2023H2,True,182,-243.36,-18.69
reg_falling_tape,2024H1,True,181,-248.87,-13.54
reg_falling_tape,2024H2,True,142,-144.11,-8.37
reg_falling_tape,2025H1,True,129,-127.94,-11.25
reg_falling_tape,2025H2,True,188,-207.85,-14.09
reg_falling_tape,2026Q1,False,73,-89.42,-18.43
