id,family,marginal,trades,win_rate,signal_day_frac,regulatory_net,regulatory_per_trade,regulatory_bps,regulatory_per_day,regulatory_max_dd,fixed_net,fixed_per_trade,fixed_bps,validation_regulatory_net,validation_fixed_net,positive_regulatory,positive_fixed,windows_won,decision
appear_disappear_midmorning,champion,False,1232,0.39042207792207795,0.6949569495694957,-824.3429361111077,-0.6691095260642108,-4.820357701460934,-1.0139519509361719,856.5776492810032,-1971.1046541847186,-2.3921172987678623,-51.948015689231966,-475.33292639969324,-1555.2574552893793,False,False,,reference
h1_spy,hypothesis,False,466,0.34549356223175964,0.5731857318573186,-324.47475459327217,-0.6962977566379231,-4.143204831686775,-0.3991079392291171,345.0527180208601,-1178.8058305732902,-2.5296262458654297,-22.376811527882463,-182.57313635344246,-652.7621617750284,False,False,4,rejected
h1_stocks,hypothesis,False,1017,0.4552605703048181,0.9114391143911439,-599.103489350892,-0.5890889767462065,-4.58406838827338,-0.7369046609482066,617.6138859889916,-1945.4008073395576,-2.395813802142312,-73.11248153971165,-233.16567011253966,-1173.6463548315348,False,False,6,rejected
h2_opening_reversal,hypothesis,False,787,0.39898348157560354,0.7896678966789668,-182.2262369706942,-0.23154540911142846,-0.017549937912410864,-0.22414051287908265,625.8704470992268,-1718.8313617594408,-2.2979028900527285,-46.015746366081636,-33.881129967504634,-931.6537864435438,False,False,9,rejected
h3_vwap_shortfall,hypothesis,False,2523,0.46769718588981374,0.993849938499385,-953.03874626704,-0.37774028785851765,-3.2798766714431884,-1.1722493804022631,1045.0648494172606,-2034.3154841033488,-2.0929171647153795,-68.85848429393356,-518.4167944873127,-1947.4036321194485,False,False,5,rejected
h4_opening_range,hypothesis,True,1190,0.45630252100840335,0.964329643296433,-209.54016158045005,-0.17608416939533617,-2.495997778901801,-0.2577369761137147,1433.078727680329,-1803.5509510245747,-1.6146382730748208,-51.987758501556584,-732.6370193777401,-1651.3815491136684,False,False,6,rejected
h5_gap_down,hypothesis,True,688,0.23546511627906977,0.6924969249692496,312.61206714823066,0.45437800457591665,4.574851321479762,0.38451668775920134,1019.3480310947018,-1102.862939052407,-1.5533280831724041,-38.18014368452493,138.60745565600524,-672.6342795897303,True,False,8,rejected
d_rs_leader,daily,True,813,0.25584255842558423,1.0,227.69022846206494,0.28006178162615614,1.7826405645176673,0.28006178162615614,580.8354091597625,-1338.3154683138098,-1.6461444874708608,-14.07584632981022,-124.00372222979662,-935.2276126935129,True,False,8,rejected
d_vwap_stretch,daily,False,813,0.4747847478474785,1.0,-693.4664090289842,-0.8529722128277789,-5.0787842842785915,-0.8529722128277789,819.442243697559,-1845.43260808155,-2.4770907491027514,-33.46234916433446,-499.9723504913122,-1258.136282665516,False,False,5,rejected
d_orb,daily,False,766,0.4451697127937337,0.942189421894219,-346.74069870675345,-0.45266409752839876,-1.9464729001708438,-0.4264953243625504,1310.0670266172428,-1497.6304626030355,-1.955131152223284,-17.9280211761955,-770.1501496671078,-1465.8073954041593,False,False,6,rejected
d_pullback,daily,False,812,0.2204433497536946,0.998769987699877,-334.3088742572567,-0.4117104362774098,-2.013948503662325,-0.41120402737669953,537.6715251005937,-1757.7504236435225,-2.2137914655459983,-26.55434163150079,-202.34473567395392,-986.773932635571,False,False,8,rejected
d_vwap_reclaim,daily,False,811,0.2466091245376079,0.997539975399754,-581.9666357011793,-0.717591412701824,-4.397458115087508,-0.7158261201736522,1219.8725821844146,-1668.3622481975408,-2.0880628888579986,-23.137163477317582,-756.623661294944,-1422.3171533454686,False,False,5,rejected
