id,fold,vote,signal_day_frac,trades,win_rate,net,per_trade,per_day,bps,max_drawdown
d_rs_leader,2023H1,True,1.0000,124,0.2581,112.51,0.9074,0.9074,4.64,424.13
d_rs_leader,2023H2,True,1.0000,126,0.2063,-247.88,-1.9673,-1.9673,-10.00,353.81
d_rs_leader,2024H1,True,1.0000,124,0.3145,239.68,1.9329,1.9329,9.44,274.36
d_rs_leader,2024H2,True,1.0000,128,0.2734,-90.62,-0.7080,-0.7080,-3.31,347.47
d_rs_leader,2025H1,True,1.0000,122,0.2705,151.54,1.2421,1.2421,6.97,227.01
d_rs_leader,2025H2,True,1.0000,128,0.2188,-386.52,-3.0197,-3.0197,-17.15,386.52
d_rs_leader,2026Q1,False,1.0000,61,0.2459,-39.01,-0.6396,-0.6396,-2.83,158.00
d_vwap_stretch,2023H1,True,1.0000,124,0.4919,5.90,0.0476,0.0476,0.43,216.75
d_vwap_stretch,2023H2,True,1.0000,126,0.4127,-343.31,-2.7247,-2.7247,-14.55,343.31
d_vwap_stretch,2024H1,True,1.0000,124,0.4758,-164.01,-1.3226,-1.3226,-7.12,222.43
d_vwap_stretch,2024H2,True,1.0000,128,0.4844,-181.21,-1.4157,-1.4157,-7.79,267.35
d_vwap_stretch,2025H1,True,1.0000,122,0.4836,-251.77,-2.0637,-2.0637,-11.33,323.68
d_vwap_stretch,2025H2,True,1.0000,128,0.4531,-331.90,-2.5930,-2.5930,-14.06,376.99
d_vwap_stretch,2026Q1,False,1.0000,61,0.4426,-74.70,-1.2246,-1.2246,-6.21,92.36
d_orb,2023H1,True,0.9355,116,0.5086,406.66,3.5057,3.2795,17.33,304.61
d_orb,2023H2,True,0.9286,117,0.4359,-184.96,-1.5808,-1.4679,-7.12,448.67
d_orb,2024H1,True,0.9758,121,0.4959,175.68,1.4519,1.4168,7.71,317.43
d_orb,2024H2,True,0.9141,117,0.4274,-386.00,-3.2992,-3.0157,-18.03,657.35
d_orb,2025H1,True,0.9180,112,0.4107,-107.88,-0.9632,-0.8842,-3.31,501.76
d_orb,2025H2,True,0.9688,124,0.3548,-566.62,-4.5695,-4.4267,-26.46,566.62
d_orb,2026Q1,False,0.9672,59,0.3898,-159.38,-2.7013,-2.6127,-11.72,257.35
d_pullback,2023H1,True,0.9919,123,0.1707,-88.84,-0.7223,-0.7164,-3.17,369.04
d_pullback,2023H2,True,1.0000,126,0.2381,-52.33,-0.4153,-0.4153,-1.69,170.63
d_pullback,2024H1,True,1.0000,124,0.2016,-290.77,-2.3449,-2.3449,-12.33,424.41
d_pullback,2024H2,True,1.0000,128,0.2422,12.89,0.1007,0.1007,1.00,247.29
d_pullback,2025H1,True,1.0000,122,0.1967,-299.40,-2.4541,-2.4541,-13.27,326.67
d_pullback,2025H2,True,1.0000,128,0.2500,-88.98,-0.6951,-0.6951,-4.48,114.53
d_pullback,2026Q1,False,1.0000,61,0.2131,-79.33,-1.3005,-1.3005,-7.14,100.83
d_vwap_reclaim,2023H1,True,0.9919,123,0.2683,354.55,2.8825,2.8592,13.81,230.45
d_vwap_reclaim,2023H2,True,1.0000,126,0.2540,-18.56,-0.1473,-0.1473,-0.34,166.78
d_vwap_reclaim,2024H1,True,1.0000,124,0.2500,-320.38,-2.5837,-2.5837,-13.76,329.91
d_vwap_reclaim,2024H2,True,0.9922,127,0.2283,-306.22,-2.4112,-2.3923,-12.10,363.53
d_vwap_reclaim,2025H1,True,1.0000,122,0.2295,-286.56,-2.3489,-2.3489,-13.19,297.18
d_vwap_reclaim,2025H2,True,1.0000,128,0.1641,-316.79,-2.4749,-2.4749,-14.09,416.85
d_vwap_reclaim,2026Q1,False,1.0000,61,0.2131,-279.58,-4.5833,-4.5833,-25.56,279.94
