id,fold,trades,win_rate,net_dollars,return_pct,avg_net_bps,max_drawdown,trades_per_day
h1_spy,2023H1,71,0.2958,-85.16,-4.02,-6.35,85.16,0.57
h1_spy,2023H2,79,0.1392,-155.55,-7.34,-11.02,155.55,0.63
h1_spy,2024H1,73,0.3288,-74.85,-3.53,-5.27,76.49,0.59
h1_spy,2024H2,79,0.2405,-131.83,-6.22,-9.58,136.17,0.62
h1_spy,2025H1,63,0.3016,-88.40,-4.17,-7.69,94.73,0.52
h1_spy,2025H2,71,0.2113,-113.04,-5.33,-9.08,113.04,0.55
h1_spy,2026Q1,30,0.2000,-30.02,-1.42,-4.80,36.08,0.49
h1_stocks,2023H1,161,0.2857,-338.56,-15.97,-41.61,347.28,1.30
h1_stocks,2023H2,162,0.2593,-290.27,-13.69,-40.25,313.59,1.29
h1_stocks,2024H1,153,0.3399,-119.92,-5.66,-19.70,169.06,1.23
h1_stocks,2024H2,157,0.3567,-181.01,-8.54,-19.52,225.14,1.23
h1_stocks,2025H1,136,0.3603,-191.20,-9.02,-14.76,215.53,1.11
h1_stocks,2025H2,145,0.4000,-117.39,-5.54,-9.92,140.28,1.13
h1_stocks,2026Q1,63,0.3968,-95.66,-4.51,-10.14,97.50,1.03
h2_opening_reversal,2023H1,120,0.2583,-254.96,-12.03,-43.76,275.38,0.97
h2_opening_reversal,2023H2,114,0.2895,-144.69,-6.83,-27.99,228.98,0.90
h2_opening_reversal,2024H1,118,0.3983,0.24,0.01,-0.34,163.55,0.95
h2_opening_reversal,2024H2,109,0.3028,-256.89,-12.12,-16.32,294.75,0.85
h2_opening_reversal,2025H1,123,0.3415,-144.57,-6.82,-14.16,367.90,1.01
h2_opening_reversal,2025H2,121,0.3967,88.89,4.19,0.78,220.96,0.95
h2_opening_reversal,2026Q1,60,0.3667,10.30,0.49,-4.96,64.73,0.98
h3_vwap_shortfall,2023H1,377,0.3899,-394.50,-18.61,-31.32,459.76,3.04
h3_vwap_shortfall,2023H2,400,0.3825,-441.80,-20.84,-20.95,441.80,3.17
h3_vwap_shortfall,2024H1,395,0.4051,-558.89,-26.36,-16.00,613.01,3.19
h3_vwap_shortfall,2024H2,373,0.4182,-277.50,-13.09,-11.05,415.98,2.91
h3_vwap_shortfall,2025H1,363,0.4160,-416.16,-19.63,-12.85,443.60,2.98
h3_vwap_shortfall,2025H2,397,0.3879,-572.24,-26.99,-13.71,586.84,3.10
h3_vwap_shortfall,2026Q1,184,0.4293,-190.45,-8.98,-8.72,196.12,3.02
h4_opening_range,2023H1,201,0.4030,458.73,21.64,-22.61,210.01,1.62
h4_opening_range,2023H2,187,0.3797,-241.43,-11.39,-38.00,509.45,1.48
h4_opening_range,2024H1,178,0.4326,154.96,7.31,-8.67,295.54,1.44
h4_opening_range,2024H2,165,0.4061,-307.09,-14.49,-18.50,588.22,1.29
h4_opening_range,2025H1,172,0.3837,-190.96,-9.01,-20.35,486.65,1.41
h4_opening_range,2025H2,186,0.3548,-553.60,-26.11,-31.01,584.10,1.45
h4_opening_range,2026Q1,82,0.4390,-203.74,-9.61,-11.40,319.04,1.34
h5_gap_down,2023H1,140,0.2286,338.74,15.98,-21.32,152.85,1.13
h5_gap_down,2023H2,102,0.2255,-18.42,-0.87,-17.27,199.33,0.81
h5_gap_down,2024H1,110,0.2364,-322.57,-15.22,-24.05,335.59,0.89
h5_gap_down,2024H2,98,0.1531,-482.70,-22.77,-32.39,482.70,0.77
h5_gap_down,2025H1,104,0.2500,366.40,17.28,10.53,330.81,0.85
h5_gap_down,2025H2,90,0.2333,207.09,9.77,6.90,205.95,0.70
h5_gap_down,2026Q1,51,0.2157,-84.35,-3.98,-14.14,235.02,0.84
