id,window,family,challenger_net,champion_net,challenger_bps,champion_bps,challenger_trades,champion_trades,win,severe
h1_spy,2023H1,half_year,-85.16,-251.48,-6.35,-19.05,71,168,True,False
h1_spy,2023H2,half_year,-152.41,-303.12,-11.11,-20.47,79,212,False,False
h1_spy,2024H1,half_year,-66.38,-260.69,-5.96,-14.96,73,214,True,False
h1_spy,2024H2,half_year,-119.12,-149.54,-10.14,-10.45,79,168,False,False
h1_spy,2025H1,half_year,-70.31,-186.04,-9.40,-15.23,63,161,True,False
h1_spy,2025H2,half_year,-98.13,-221.78,-10.47,-17.27,71,217,False,False
h1_spy,up,regime,-360.99,-717.60,-7.22,-13.94,338,677,False,False
h1_spy,down,regime,-257.54,-757.50,-12.94,-20.27,128,557,False,False
h1_spy,high_vol,regime,-303.22,-739.29,-8.93,-16.80,228,596,False,False
h1_spy,low_vol,regime,-315.31,-735.81,-8.65,-16.80,238,638,False,False
h1_spy,megacap,ticker_group,0.00,-936.74,,-13.73,0,708,False,False
h1_spy,high_beta,ticker_group,0.00,-538.36,,-20.93,0,526,False,False
h1_stocks,2023H1,half_year,-338.56,-251.48,-41.61,-19.05,161,168,False,True
h1_stocks,2023H2,half_year,-257.49,-303.12,-40.34,-20.47,158,212,False,True
h1_stocks,2024H1,half_year,-114.00,-260.69,-20.01,-14.96,153,214,False,False
h1_stocks,2024H2,half_year,-158.87,-149.54,-17.77,-10.45,149,168,False,False
h1_stocks,2025H1,half_year,-153.33,-186.04,-20.44,-15.23,137,161,False,False
h1_stocks,2025H2,half_year,-102.04,-221.78,-11.61,-17.27,138,217,True,False
h1_stocks,up,regime,-448.17,-717.60,-21.98,-13.94,571,677,False,False
h1_stocks,down,regime,-738.87,-757.50,-29.45,-20.27,390,557,False,False
h1_stocks,high_vol,regime,-740.34,-739.29,-27.23,-16.80,471,596,False,False
h1_stocks,low_vol,regime,-446.70,-735.81,-22.88,-16.80,490,638,False,False
h1_stocks,megacap,ticker_group,-665.30,-936.74,-21.03,-13.73,372,708,False,False
h1_stocks,high_beta,ticker_group,-521.74,-538.36,-27.53,-20.93,589,526,False,False
h2_opening_reversal,2023H1,half_year,-254.96,-251.48,-43.76,-19.05,120,168,False,True
h2_opening_reversal,2023H2,half_year,-136.90,-303.12,-28.06,-20.47,115,212,False,False
h2_opening_reversal,2024H1,half_year,-7.60,-260.69,-4.27,-14.96,121,214,True,False
h2_opening_reversal,2024H2,half_year,-228.56,-149.54,-19.28,-10.45,108,168,False,False
h2_opening_reversal,2025H1,half_year,-113.68,-186.04,-11.76,-15.23,117,161,True,False
h2_opening_reversal,2025H2,half_year,21.67,-221.78,-2.46,-17.27,125,217,True,False
h2_opening_reversal,up,regime,322.91,-717.60,-1.40,-13.94,411,677,True,False
h2_opening_reversal,down,regime,-1057.18,-757.50,-35.59,-20.27,355,557,False,True
h2_opening_reversal,high_vol,regime,-371.39,-739.29,-19.31,-16.80,384,596,False,False
h2_opening_reversal,low_vol,regime,-362.89,-735.81,-15.17,-16.80,382,638,True,False
h2_opening_reversal,megacap,ticker_group,-223.26,-936.74,-9.97,-13.73,242,708,True,False
h2_opening_reversal,high_beta,ticker_group,-511.01,-538.36,-20.60,-20.93,524,526,True,False
h3_vwap_shortfall,2023H1,half_year,-394.50,-251.48,-31.32,-19.05,377,168,False,False
h3_vwap_shortfall,2023H2,half_year,-414.55,-303.12,-26.14,-20.47,391,212,False,False
h3_vwap_shortfall,2024H1,half_year,-421.24,-260.69,-16.19,-14.96,385,214,False,False
h3_vwap_shortfall,2024H2,half_year,-266.99,-149.54,-17.33,-10.45,367,168,False,False
h3_vwap_shortfall,2025H1,half_year,-282.15,-186.04,-28.77,-15.23,321,161,False,False
h3_vwap_shortfall,2025H2,half_year,-154.34,-221.78,-41.90,-17.27,186,217,False,True
h3_vwap_shortfall,up,regime,-682.81,-717.60,-19.58,-13.94,1116,677,False,False
h3_vwap_shortfall,down,regime,-1260.30,-757.50,-32.67,-20.27,928,557,False,True
h3_vwap_shortfall,high_vol,regime,-930.21,-739.29,-26.89,-16.80,1020,596,False,False
h3_vwap_shortfall,low_vol,regime,-1012.90,-735.81,-24.16,-16.80,1024,638,False,True
h3_vwap_shortfall,megacap,ticker_group,-1063.38,-936.74,-18.23,-13.73,1084,708,False,False
h3_vwap_shortfall,high_beta,ticker_group,-879.73,-538.36,-33.76,-20.93,960,526,False,True
h4_opening_range,2023H1,half_year,458.73,-251.48,-22.61,-19.05,201,168,False,False
h4_opening_range,2023H2,half_year,-284.66,-303.12,-30.39,-20.47,195,212,False,False
h4_opening_range,2024H1,half_year,206.64,-260.69,-8.69,-14.96,182,214,True,False
h4_opening_range,2024H2,half_year,-328.09,-149.54,-17.12,-10.45,174,168,False,False
h4_opening_range,2025H1,half_year,-185.69,-186.04,-21.28,-15.23,164,161,False,False
h4_opening_range,2025H2,half_year,-513.56,-221.78,-28.18,-17.27,180,217,False,True
h4_opening_range,up,regime,3754.88,-717.60,16.78,-13.94,692,677,True,False
h4_opening_range,down,regime,-4543.40,-757.50,-76.53,-20.27,482,557,False,True
h4_opening_range,high_vol,regime,-550.31,-739.29,-23.71,-16.80,585,596,False,False
h4_opening_range,low_vol,regime,-238.21,-735.81,-19.36,-16.80,589,638,False,False
h4_opening_range,megacap,ticker_group,-1511.17,-936.74,-22.05,-13.73,598,708,False,True
h4_opening_range,high_beta,ticker_group,722.65,-538.36,-20.99,-20.93,576,526,False,False
h5_gap_down,2023H1,half_year,338.74,-251.48,-21.32,-19.05,140,168,False,False
h5_gap_down,2023H2,half_year,-15.21,-303.12,-18.47,-20.47,104,212,True,False
h5_gap_down,2024H1,half_year,-365.64,-260.69,-23.71,-14.96,110,214,False,False
h5_gap_down,2024H2,half_year,-471.41,-149.54,-33.10,-10.45,96,168,False,True
h5_gap_down,2025H1,half_year,242.55,-186.04,9.37,-15.23,111,161,True,False
h5_gap_down,2025H2,half_year,172.12,-221.78,10.56,-17.27,90,217,True,False
h5_gap_down,up,regime,1312.10,-717.60,19.00,-13.94,333,677,True,False
h5_gap_down,down,regime,-1494.83,-757.50,-41.62,-20.27,372,557,False,True
h5_gap_down,high_vol,regime,808.08,-739.29,-1.07,-16.80,358,596,True,False
h5_gap_down,low_vol,regime,-990.80,-735.81,-25.28,-16.80,347,638,False,True
h5_gap_down,megacap,ticker_group,-332.37,-936.74,-11.09,-13.73,263,708,True,False
h5_gap_down,high_beta,ticker_group,149.64,-538.36,-14.12,-20.93,442,526,True,False
