bin,rows,mean_pred_bps,mean_realized_bps
0,20438,-10.051746487147117,1.425081666217105
1,20440,-2.8968666641324115,-1.1141412466643004
2,20435,-1.3435546664793216,-0.5761043299961185
3,20438,-0.4128933007479727,0.7072222617379555
4,20441,0.21357272028592691,-0.3890129242817052
5,20435,0.7364296592363927,-1.7029189030984033
6,20442,1.261734371266853,0.26224508993305584
7,20432,1.9659159495861034,-1.3797935735619429
8,20437,3.192331820097144,-1.5241259326796643
9,20438,10.532281504870577,-2.139718834484512
