feature,gain
qqq_prior_ret,1499.1249438126881
spy_prior_ret,937.5348844925562
qqq_from_open,493.3341828584671
spy_from_open,454.21006246407825
prior_range_atr,409.48150050640106
qqq_vwap_dist,406.2019129594167
tod,379.3692592382431
dow,325.8307426770528
gap,272.65694002310437
spy_vwap_dist,233.65583312511444
dist_ma5,120.66495358943939
rv_12,81.2320266564687
rv_36,69.46357639630635
vwap_dist,62.49506342411041
prior_ret,62.26178650061289
ret_12,20.635893265406292
session_pos,20.174230019251507
rvol,8.626986622810364
resid_12,1.6482000350952148
ret_3,1.3319366772969563
ret_6,1.3231933116912842
xs_rank_vwap,1.1289933522542317
xs_rank_ret12,0.0
ret_1,0.0
