id,family,kind,trades,net,per_trade,per_day,bps,win_rate,max_drawdown,trades_per_day,fill_day_frac,exit,stop,size,gap_max,model,book,threshold_bps,horizon
ml:stack:flat:1atr:top1:1:10,ml,,193,2755.240097857169,14.275855429311758,6.276173343638199,46.82945920505431,0.6010362694300518,462.87632400000166,0.4396355353075171,0.4396355353075171,flat,1atr,1.0,,stack,top1,10.0,12.0
ml:stack:flat:1atr:top1:1:0,ml,,433,2693.556122142926,6.220683884856642,6.135663148389353,21.12730292321214,0.5288683602771362,697.8253304285608,0.9863325740318907,0.9863325740318907,flat,1atr,1.0,,stack,top1,0.0,12.0
ml:stack:flat:none:top1:1:0,ml,,433,2646.9535700000674,6.113056743649117,6.02950699316644,20.65529273457204,0.5288683602771362,721.8608059999906,0.9863325740318907,0.9863325740318907,flat,none,1.0,,stack,top1,0.0,12.0
ml:stack:flat:none:top1:1:10,ml,,193,2599.092840000024,13.46680227979287,5.92048482915723,44.990604277383135,0.6010362694300518,448.7738440000003,0.4396355353075171,0.4396355353075171,flat,none,1.0,,stack,top1,10.0,12.0
ml:h12_wide:signal_off:none:top1:1:0,ml,,418,2360.528942000062,5.64719842583747,5.3770590933942195,18.89558099129508,0.5502392344497608,226.03053599999748,0.9521640091116174,0.9521640091116174,signal_off,none,1.0,,h12_wide,top1,0.0,12.0
ml:h12_wide:signal_off:1atr:top1:1:0,ml,,418,2311.2861977143475,5.529392817498439,5.264888833062295,18.581453157310506,0.5502392344497608,226.27023599999666,0.9521640091116174,0.9521640091116174,signal_off,1atr,1.0,,h12_wide,top1,0.0,12.0
ml:h12_wide:signal_off:none:top1:1:10,ml,,190,2118.4335680000263,11.149650357894876,4.825588993166347,38.66644421628489,0.6421052631578947,126.55284000000029,0.4328018223234624,0.4328018223234624,signal_off,none,1.0,,h12_wide,top1,10.0,12.0
ml:h12_wide:signal_off:1atr:top1:1:10,ml,,190,2083.272433714312,10.964591756391114,4.745495293198888,37.97536298151882,0.6421052631578947,144.57189628571314,0.4328018223234624,0.4328018223234624,signal_off,1atr,1.0,,h12_wide,top1,10.0,12.0
ml:h12_wide:signal_off:none:top1:1:20,ml,,89,1912.0979060000104,21.48424613483158,4.3555760956720055,75.5725459377137,0.7191011235955056,94.71221199999945,0.20273348519362186,0.20273348519362186,signal_off,none,1.0,,h12_wide,top1,20.0,12.0
ml:h12_wide:signal_off:1atr:top1:1:20,ml,,89,1869.1247697142962,21.001401906902206,4.25768740253826,74.09720397585356,0.7191011235955056,102.41345028571413,0.20273348519362186,0.20273348519362186,signal_off,1atr,1.0,,h12_wide,top1,20.0,12.0
ml:flat:flat:none:top1:1:20,ml,,85,1663.7423240000087,19.573439105882454,3.789845840546717,74.23930415772851,0.5647058823529412,108.76844399999982,0.19362186788154898,0.19362186788154898,flat,none,1.0,,flat,top1,20.0,12.0
ml:h12_wide:horizon:none:top1:1:0,ml,,418,1662.5408240000484,3.9773703923446133,3.787108938496693,15.052013064090964,0.5502392344497608,290.35492799999747,0.9521640091116174,0.9521640091116174,horizon,none,1.0,,h12_wide,top1,0.0,12.0
ml:flat:flat:1atr:top1:1:20,ml,,85,1662.0390932857229,19.553401097479092,3.7859660439310314,74.17834290404878,0.5647058823529412,110.47167471428565,0.19362186788154898,0.19362186788154898,flat,1atr,1.0,,flat,top1,20.0,12.0
ml:h12_wide:horizon:1atr:top1:1:0,ml,,418,1648.1290777143338,3.9428925304170663,3.7542803592581637,14.737885230106388,0.5502392344497608,287.1223679999962,0.9521640091116174,0.9521640091116174,horizon,1atr,1.0,,h12_wide,top1,0.0,12.0
ml:h12_wide:horizon:none:top1:1:10,ml,,190,1622.6075460000222,8.540039715789591,3.696144751708479,31.90747811465177,0.6263157894736842,129.61905799999886,0.4328018223234624,0.4328018223234624,horizon,none,1.0,,h12_wide,top1,10.0,12.0
ml:h12_wide:horizon:1atr:top1:1:10,ml,,190,1597.2650917143078,8.406658377443724,3.6384170654084462,31.216396879885703,0.6263157894736842,156.41198428571306,0.4328018223234624,0.4328018223234624,horizon,1atr,1.0,,h12_wide,top1,10.0,12.0
ml:flat:flat:none:top1:1:10,ml,,203,1595.4246220000257,7.859234591133132,3.634224651480696,30.71511630165596,0.5270935960591133,293.3038659999979,0.4624145785876993,0.4624145785876993,flat,none,1.0,,flat,top1,10.0,12.0
ml:flat:flat:1atr:top1:1:10,ml,,203,1479.759824000026,7.2894572610838715,3.370751307517143,29.19994296255546,0.5270935960591133,292.2860058571405,0.4624145785876993,0.4624145785876993,flat,1atr,1.0,,flat,top1,10.0,12.0
ml:h12_wide:horizon:none:top1:1:20,ml,,89,1306.966596000009,14.68501793258437,2.977144865603665,57.22007643781793,0.6853932584269663,105.49596999999903,0.20273348519362186,0.20273348519362186,horizon,none,1.0,,h12_wide,top1,20.0,12.0
ml:h6:horizon:none:top1:1:0,ml,,424,1301.7415900000406,3.070145259434058,2.965242801822416,12.330972436951695,0.5448113207547169,289.5000539999987,0.9658314350797267,0.9658314350797267,horizon,none,1.0,,h6,top1,0.0,6.0
ml:h6:horizon:1atr:top1:1:0,ml,,424,1298.829177428612,3.0632763618599337,2.958608604620984,12.31482001458804,0.5448113207547169,291.49251257142714,0.9658314350797267,0.9658314350797267,horizon,1atr,1.0,,h6,top1,0.0,6.0
ml:h6:signal_off:none:top1:1:10,ml,,90,1297.9793240000133,14.421992488889037,2.956672719817798,56.88797490551465,0.6777777777777778,185.82613399999855,0.20501138952164008,0.20501138952164008,signal_off,none,1.0,,h6,top1,10.0,6.0
ml:flat:flat:none:top1:1:40,ml,,39,1274.6301820000028,32.68282517948725,2.903485608200462,130.19767086925916,0.6153846153846154,103.66024199999993,0.0888382687927107,0.0888382687927107,flat,none,1.0,,flat,top1,40.0,12.0
ml:flat:flat:1atr:top1:1:40,ml,,39,1272.9269512857172,32.639152597069675,2.8996058115847774,130.06480659841867,0.6153846153846154,103.66024199999993,0.0888382687927107,0.0888382687927107,flat,1atr,1.0,,flat,top1,40.0,12.0
ml:h12_wide:horizon:1atr:top1:1:20,ml,,89,1267.538651714295,14.242007322632528,2.8873317806703755,55.74473447595779,0.6853932584269663,104.72277599999916,0.20273348519362186,0.20273348519362186,horizon,1atr,1.0,,h12_wide,top1,20.0,12.0
ml:h3:signal_off:none:top1:1:0,ml,,432,1250.3770400000465,2.894391296296404,2.848239271070721,11.418557727491352,0.5740740740740741,205.59446599999728,0.9840546697038725,0.9840546697038725,signal_off,none,1.0,,h3,top1,0.0,3.0
ml:h6:signal_off:1atr:top1:1:10,ml,,90,1248.011042428585,13.86678936031761,2.842849754962608,55.70203108624147,0.6777777777777778,194.85922100000016,0.20501138952164008,0.20501138952164008,signal_off,1atr,1.0,,h6,top1,10.0,6.0
ml:h6:signal_off:none:top1:1:0,ml,,424,1240.598478000047,2.925939806603884,2.8259646423691276,11.751737285198484,0.5306603773584906,341.52243599999883,0.9658314350797267,0.9658314350797267,signal_off,none,1.0,,h6,top1,0.0,6.0
ml:h3:signal_off:1atr:top1:1:0,ml,,432,1208.3596394286171,2.7971287949736507,2.752527652456987,10.995542793584953,0.5740740740740741,198.59835399999747,0.9840546697038725,0.9840546697038725,signal_off,1atr,1.0,,h3,top1,0.0,3.0
ml:h6:signal_off:1atr:top1:1:0,ml,,424,1205.4464722857613,2.843034132749437,2.745891736414035,11.500003927333893,0.5306603773584906,342.7031805714264,0.9658314350797267,0.9658314350797267,signal_off,1atr,1.0,,h6,top1,0.0,6.0
ml:h3:horizon:1atr:top1:1:0,ml,,432,1193.3640620000428,2.762416810185284,2.718369161731305,10.910964750058538,0.5509259259259259,201.2441559999977,0.9840546697038725,0.9840546697038725,horizon,1atr,1.0,,h3,top1,0.0,3.0
ml:h3:horizon:none:top1:1:0,ml,,432,1193.3640620000428,2.762416810185284,2.718369161731305,10.910964750058538,0.5509259259259259,201.2441559999977,0.9840546697038725,0.9840546697038725,horizon,none,1.0,,h3,top1,0.0,3.0
ml:h12:horizon:none:top1:1:0,ml,,409,1165.6230580000479,2.8499341271394814,2.6551778086561457,11.81311921162722,0.511002444987775,312.55986399999074,0.9316628701594533,0.9316628701594533,horizon,none,1.0,,h12,top1,0.0,12.0
ml:h12:horizon:1atr:top1:1:0,ml,,409,1144.6914297143335,2.798756551868786,2.607497561991648,11.492079029217555,0.511002444987775,306.3576399999906,0.9316628701594533,0.9316628701594533,horizon,1atr,1.0,,h12,top1,0.0,12.0
ml:flat:flat:none:concurrent:1:0,ml,,505,1136.2714620000393,2.2500424990099788,2.5883176810934834,10.329540146736042,0.5287128712871287,589.9956519999951,1.1503416856492028,0.8610478359908884,flat,none,1.0,,flat,concurrent,0.0,12.0
ml:h6:signal_off:1atr:top1:1:20,ml,,38,1130.1182840000051,29.739954842105398,2.574301330296139,120.01241340515473,0.7368421052631579,101.96980600000006,0.08656036446469248,0.08656036446469248,signal_off,1atr,1.0,,h6,top1,20.0,6.0
ml:h6:signal_off:none:top1:1:20,ml,,38,1130.1182840000051,29.739954842105398,2.574301330296139,120.01241340515473,0.7368421052631579,101.96980600000006,0.08656036446469248,0.08656036446469248,signal_off,none,1.0,,h6,top1,20.0,6.0
ml:flat:flat:1atr:concurrent:1:20,ml,,105,1106.5309967142932,10.538390444898031,2.520571746501807,35.6822217202817,0.5523809523809524,239.61754171428493,0.23917995444191345,0.19362186788154898,flat,1atr,1.0,,flat,concurrent,20.0,12.0
ml:stack:flat:1atr:top1:0.5:0,ml,,433,1085.0115352857388,2.5058003124381956,2.4715524721770814,21.12730292321214,0.5288683602771362,235.7785457142827,0.9863325740318907,0.9863325740318907,flat,1atr,0.5,,stack,top1,0.0,12.0
ml:stack:flat:none:top1:0.5:0,ml,,433,1071.7295080000238,2.475125884526614,2.441297284738095,20.65529273457204,0.5288683602771362,245.71991399999752,0.9863325740318907,0.9863325740318907,flat,none,0.5,,stack,top1,0.0,12.0
ml:stack:flat:1atr:top1:0.5:10,ml,,193,1055.619027571438,5.469528640266518,2.404599151643367,46.82945920505431,0.6010362694300518,149.83782999999949,0.4396355353075171,0.4396355353075171,flat,1atr,0.5,,stack,top1,10.0,12.0
ml:stack:flat:none:top1:0.5:10,ml,,193,1002.4901660000088,5.194249564766885,2.2835766879271273,44.990604277383135,0.6010362694300518,143.96729400000004,0.4396355353075171,0.4396355353075171,flat,none,0.5,,stack,top1,10.0,12.0
ml:flat:flat:none:concurrent:1:20,ml,,103,997.9737780000073,9.689065805825313,2.273288788154914,25.70441778930019,0.5436893203883495,296.1002399999993,0.23462414578587698,0.19362186788154898,flat,none,1.0,,flat,concurrent,20.0,12.0
ml:h12:horizon:none:top1:1:10,ml,,89,981.8054200000065,11.03152157303378,2.2364588154897644,45.75338937481277,0.5955056179775281,101.57138599999962,0.20273348519362186,0.20273348519362186,horizon,none,1.0,,h12,top1,10.0,12.0
ml:h3:signal_off:none:top1:1:10,ml,,98,974.5767080000096,9.944660285714384,2.219992501138974,40.43097367041463,0.673469387755102,90.71035800000027,0.22323462414578588,0.22323462414578588,signal_off,none,1.0,,h3,top1,10.0,3.0
ml:h12:signal_off:none:top1:1:10,ml,,89,962.8030680000056,10.818012000000063,2.1931732756264366,44.08824679887567,0.5955056179775281,100.16869199999928,0.20273348519362186,0.20273348519362186,signal_off,none,1.0,,h12,top1,10.0,12.0
ml:h12:horizon:1atr:top1:1:10,ml,,89,944.9822837142922,10.617778468699912,2.1525792339733307,44.278047412952624,0.5955056179775281,132.2366802857141,0.20273348519362186,0.20273348519362186,horizon,1atr,1.0,,h12,top1,10.0,12.0
ml:h12:signal_off:1atr:top1:1:10,ml,,89,924.6440005714343,10.389258433386901,2.1062505707777546,42.612904837015535,0.5955056179775281,115.23209142856967,0.20273348519362186,0.20273348519362186,signal_off,1atr,1.0,,h12,top1,10.0,12.0
ml:flat:flat:1atr:concurrent:1:0,ml,,515,918.9869864286102,1.7844407503468158,2.0933644337781554,10.346831818321494,0.5067961165048543,624.436829857139,1.173120728929385,0.8610478359908884,flat,1atr,1.0,,flat,concurrent,0.0,12.0
ml:h12_wide:signal_off:none:top1:0.5:0,ml,,418,916.502400000022,2.1925894736842633,2.087704783599139,18.89558099129508,0.5502392344497608,66.31455599999799,0.9521640091116174,0.9521640091116174,signal_off,none,0.5,,h12_wide,top1,0.0,12.0
ml:flat:flat:1atr:concurrent:0.5:10,ml,,477,916.0364100000185,1.920411761006328,2.086643302961318,19.36735877129755,0.5324947589098532,264.31083042856403,1.0865603644646924,0.4624145785876993,flat,1atr,0.5,,flat,concurrent,10.0,12.0
ml:flat:flat:none:concurrent:1:40,ml,,44,911.7824940000029,20.722329409090975,2.076953289293856,88.44229540442095,0.6136363636363636,148.452992,0.10022779043280182,0.0888382687927107,flat,none,1.0,,flat,concurrent,40.0,12.0
ml:flat:flat:1atr:concurrent:1:40,ml,,44,909.4451044285743,20.669206918831232,2.071628939472834,87.43332196218826,0.6136363636363636,148.33301600000004,0.10022779043280182,0.0888382687927107,flat,1atr,1.0,,flat,concurrent,40.0,12.0
ml:h12_wide:signal_off:1atr:top1:0.5:0,ml,,418,903.2298122857363,2.160836871496977,2.0574710986007663,18.581453157310506,0.5502392344497608,66.31455599999799,0.9521640091116174,0.9521640091116174,signal_off,1atr,0.5,,h12_wide,top1,0.0,12.0
ml:h3:signal_off:1atr:top1:1:10,ml,,98,900.9415234285808,9.19328085131205,2.052258595509296,38.566254778092535,0.673469387755102,85.78742599999941,0.22323462414578588,0.22323462414578588,signal_off,1atr,1.0,,h3,top1,10.0,3.0
ml:h12_wide:signal_off:none:top1:1:40,ml,,33,883.3314840000039,26.767620727272845,2.012144610478369,111.17678470955038,0.696969696969697,81.04275399999915,0.07517084282460136,0.07517084282460136,signal_off,none,1.0,,h12_wide,top1,40.0,12.0
ml:h3:horizon:1atr:top1:1:10,ml,,98,882.6405340000074,9.006536061224566,2.0105706924829327,37.320789582481645,0.673469387755102,77.98170199999959,0.22323462414578588,0.22323462414578588,horizon,1atr,1.0,,h3,top1,10.0,3.0
ml:h3:horizon:none:top1:1:10,ml,,98,882.6405340000074,9.006536061224566,2.0105706924829327,37.320789582481645,0.673469387755102,77.98170199999959,0.22323462414578588,0.22323462414578588,horizon,none,1.0,,h3,top1,10.0,3.0
ml:h6:horizon:none:top1:1:10,ml,,90,855.3838500000122,9.504265000000135,1.9484825740319185,40.92983202861268,0.6444444444444445,265.47319999999945,0.20501138952164008,0.20501138952164008,horizon,none,1.0,,h6,top1,10.0,6.0
ml:h6:horizon:1atr:top1:1:10,ml,,90,853.3913914285838,9.48212657142871,1.9439439440286648,40.853736172143904,0.6444444444444445,267.46565857142787,0.20501138952164008,0.20501138952164008,horizon,1atr,1.0,,h6,top1,10.0,6.0
ml:h12_wide:signal_off:none:top1:0.5:10,ml,,190,849.94558000001,4.4733977894737365,1.9360947152619816,38.66644421628489,0.6421052631578947,47.80327999999963,0.4328018223234624,0.4328018223234624,signal_off,none,0.5,,h12_wide,top1,10.0,12.0
ml:h12_wide:signal_off:1atr:top1:1:40,ml,,33,849.7481297142897,25.749943324675446,1.9356449424015711,107.19783214574575,0.696969696969697,101.17909228571398,0.07517084282460136,0.07517084282460136,signal_off,1atr,1.0,,h12_wide,top1,40.0,12.0
ml:h12_wide:signal_off:1atr:top1:0.5:10,ml,,190,837.6794622857243,4.408839275188023,1.9081536726326294,37.97536298151883,0.6421052631578947,60.06939771428506,0.4328018223234624,0.4328018223234624,signal_off,1atr,0.5,,h12_wide,top1,10.0,12.0
ml:h12:signal_off:none:top1:1:0,ml,,409,837.4421300000454,2.04753577017126,1.9076130523919028,8.980201876810474,0.49877750611246946,325.46685199998956,0.9316628701594533,0.9316628701594533,signal_off,none,1.0,,h12,top1,0.0,12.0
ml:h12:signal_off:1atr:top1:1:0,ml,,409,826.5258045714738,2.020845487949814,1.8827467074521045,8.659161694400812,0.49877750611246946,319.44298599999,0.9316628701594533,0.9316628701594533,signal_off,1atr,1.0,,h12,top1,0.0,12.0
ml:h12_seq:horizon:none:top1:1:0,ml,,402,803.7155560000406,1.9992924278607975,1.8307871435080652,8.480718444673208,0.5024875621890548,210.1828379999979,0.9157175398633257,0.9157175398633257,horizon,none,1.0,,h12_seq,top1,0.0,12.0
ml:flat:flat:none:concurrent:0.5:10,ml,,478,799.6177240000177,1.6728404267782797,1.8214526742597215,17.835781121421796,0.5355648535564853,242.08406999999397,1.0888382687927107,0.4624145785876993,flat,none,0.5,,flat,concurrent,10.0,12.0
ml:h3:signal_off:1atr:top1:1:20,ml,,28,767.8457940000033,27.423064071428687,1.7490792574031964,118.62266495057675,0.75,69.84103199999936,0.06378132118451026,0.06378132118451026,signal_off,1atr,1.0,,h3,top1,20.0,3.0
ml:h3:signal_off:none:top1:1:20,ml,,28,767.8457940000033,27.423064071428687,1.7490792574031964,118.62266495057675,0.75,69.84103199999936,0.06378132118451026,0.06378132118451026,signal_off,none,1.0,,h3,top1,20.0,3.0
ml:h12_wide:signal_off:none:top1:0.5:20,ml,,89,763.619868000004,8.579998516853978,1.7394530022779133,75.5725459377137,0.7191011235955056,33.82578999999987,0.20273348519362186,0.20273348519362186,signal_off,none,0.5,,h12_wide,top1,20.0,12.0
ml:flat:flat:none:concurrent:1:10,ml,,251,763.0961460000185,3.040223689243102,1.7382600136674682,12.563719293956593,0.5099601593625498,377.9255639999931,0.571753986332574,0.4624145785876993,flat,none,1.0,,flat,concurrent,10.0,12.0
ml:h12_wide:signal_off:1atr:top1:0.5:20,ml,,89,750.6540982857183,8.434315711075486,1.7099182193296545,74.09720397585356,0.7191011235955056,41.403379714286075,0.20273348519362186,0.20273348519362186,signal_off,1atr,0.5,,h12_wide,top1,20.0,12.0
ml:flat:flat:1atr:concurrent:1:10,ml,,247,744.4587177143048,3.0140029057259303,1.6958057351123117,16.88813930012969,0.5182186234817814,455.46071214285007,0.5626423690205011,0.4624145785876993,flat,1atr,1.0,,flat,concurrent,10.0,12.0
ml:flat:flat:1atr:concurrent:0.5:20,ml,,186,735.5452468571493,3.954544337941663,1.675501701269133,31.379739217876274,0.543010752688172,168.9562319999991,0.42369020501138954,0.19362186788154898,flat,1atr,0.5,,flat,concurrent,20.0,12.0
ml:stack:flat:1atr:top1:1:20,ml,,92,727.383252000011,7.906339695652293,1.656909457858795,36.44030042176714,0.5217391304347826,535.9048777142802,0.20956719817767655,0.20956719817767655,flat,1atr,1.0,,stack,top1,20.0,12.0
ml:h6:horizon:none:top1:1:20,ml,,38,723.4215460000048,19.037409105263283,1.6478850706150452,82.37505978468442,0.7105263157894737,50.52788999999984,0.08656036446469248,0.08656036446469248,horizon,none,1.0,,h6,top1,20.0,6.0
ml:h6:horizon:1atr:top1:1:20,ml,,38,723.4215460000048,19.037409105263283,1.6478850706150452,82.37505978468442,0.7105263157894737,50.52788999999984,0.08656036446469248,0.08656036446469248,horizon,1atr,1.0,,h6,top1,20.0,6.0
ml:flat:flat:none:top1:0.5:20,ml,,85,711.6199640000036,8.37199957647063,1.6210021958997805,74.23930415772851,0.5647058823529412,44.42581800000016,0.19362186788154898,0.19362186788154898,flat,none,0.5,,flat,top1,20.0,12.0
ml:flat:flat:1atr:top1:0.5:20,ml,,85,710.9386717142893,8.363984373109286,1.6194502772535064,74.17834290404878,0.5647058823529412,44.42581800000016,0.19362186788154898,0.19362186788154898,flat,1atr,0.5,,flat,top1,20.0,12.0
ml:h12_wide:horizon:none:top1:0.5:0,ml,,418,705.0830140000187,1.6868014688995663,1.606111649202776,15.052013064090964,0.5502392344497608,112.79782399999795,0.9521640091116174,0.9521640091116174,horizon,none,0.5,,h12_wide,top1,0.0,12.0
ml:stack:flat:none:top1:1:20,ml,,92,698.4952060000102,7.5923391956522845,1.5911052528474037,34.29218359773085,0.5217391304347826,547.2371479999956,0.20956719817767655,0.20956719817767655,flat,none,1.0,,stack,top1,20.0,12.0
ml:h12_wide:horizon:1atr:top1:0.5:0,ml,,418,682.0507302857329,1.6317003116883564,1.5536463104458609,14.737885230106388,0.5502392344497608,112.79782399999795,0.9521640091116174,0.9521640091116174,horizon,1atr,0.5,,h12_wide,top1,0.0,12.0
ml:flat:flat:none:concurrent:0.5:20,ml,,183,672.5188500000062,3.6749663934426566,1.5319335990888523,29.334163575286944,0.546448087431694,204.67849000000092,0.4168564920273349,0.19362186788154898,flat,none,0.5,,flat,concurrent,20.0,12.0
ml:h12_seq:signal_off:none:top1:1:10,ml,,82,668.9781320000048,8.158269902439084,1.5238681822323572,34.62392098206112,0.5975609756097561,127.83828999999787,0.1867881548974943,0.1867881548974943,signal_off,none,1.0,,h12_seq,top1,10.0,12.0
ml:flat:flat:none:top1:0.5:10,ml,,203,666.2552340000104,3.2820454876847807,1.517665681093418,30.715116301655964,0.5270935960591133,104.88629199999923,0.4624145785876993,0.4624145785876993,flat,none,0.5,,flat,top1,10.0,12.0
ml:h12_wide:horizon:none:top1:0.5:10,ml,,190,662.229490000009,3.4854183684211,1.5084954214123212,31.90747811465177,0.6263157894736842,52.80169799999976,0.4328018223234624,0.4328018223234624,horizon,none,0.5,,h12_wide,top1,10.0,12.0
ml:h12_wide:horizon:1atr:top1:0.5:10,ml,,190,650.6577522857234,3.424514485714334,1.4821361099902584,31.216396879885703,0.6263157894736842,63.746741714285236,0.4328018223234624,0.4328018223234624,horizon,1atr,0.5,,h12_wide,top1,10.0,12.0
ml:h12_seq:horizon:1atr:top1:1:0,ml,,402,645.909758571469,1.606740692963853,1.4713206345591547,7.471357021742794,0.5024875621890548,240.76585085714078,0.9157175398633257,0.9157175398633257,horizon,1atr,1.0,,h12_seq,top1,0.0,12.0
ml:flat:flat:1atr:top1:0.5:10,ml,,203,639.1387557142964,3.1484667769177164,1.4558969378457776,29.199942962555465,0.5270935960591133,104.80266142856999,0.4624145785876993,0.4624145785876993,flat,1atr,0.5,,flat,top1,10.0,12.0
ml:h12_seq:signal_off:1atr:top1:1:10,ml,,82,639.1252325714335,7.794210153310164,1.4558661334201217,33.02263519418853,0.5975609756097561,151.46058542856963,0.1867881548974943,0.1867881548974943,signal_off,1atr,1.0,,h12_seq,top1,10.0,12.0
ml:h6:signal_off:none:concurrent:1:20,ml,,82,628.0001520000081,7.65853843902449,1.4305242642369207,38.66479585852622,0.573170731707317,234.3268279999993,0.1867881548974943,0.08656036446469248,signal_off,none,1.0,,h6,concurrent,20.0,6.0
ml:h12:signal_off:1atr:top1:1:40,ml,,17,579.9950660000005,34.11735682352944,1.3211732710706163,150.96597208861613,0.7058823529411765,45.2047419999999,0.0387243735763098,0.0387243735763098,signal_off,1atr,1.0,,h12,top1,40.0,12.0
ml:h12:signal_off:none:top1:1:40,ml,,17,579.9950660000005,34.11735682352944,1.3211732710706163,150.96597208861613,0.7058823529411765,45.2047419999999,0.0387243735763098,0.0387243735763098,signal_off,none,1.0,,h12,top1,40.0,12.0
ml:h6:signal_off:1atr:concurrent:1:40,ml,,30,571.229754000001,19.040991800000032,1.3012067289293872,108.22907608386903,0.7,76.4051199999999,0.0683371298405467,0.025056947608200455,signal_off,1atr,1.0,,h6,concurrent,40.0,6.0
ml:h6:signal_off:none:concurrent:1:40,ml,,30,571.229754000001,19.040991800000032,1.3012067289293872,108.22907608386903,0.7,76.4051199999999,0.0683371298405467,0.025056947608200455,signal_off,none,1.0,,h6,concurrent,40.0,6.0
ml:h6:signal_off:none:top1:1:40,ml,,11,560.7056080000015,50.97323709090922,1.2772337312072926,223.51450401215416,1.0,0.0,0.025056947608200455,0.025056947608200455,signal_off,none,1.0,,h6,top1,40.0,6.0
ml:h6:signal_off:1atr:top1:1:40,ml,,11,560.7056080000015,50.97323709090922,1.2772337312072926,223.51450401215416,1.0,0.0,0.025056947608200455,0.025056947608200455,signal_off,1atr,1.0,,h6,top1,40.0,6.0
ml:h12_seq:signal_off:none:top1:1:0,ml,,402,560.0448400000362,1.393146368159294,1.2757285649203558,6.375596250633117,0.5049751243781094,183.68538199999648,0.9157175398633257,0.9157175398633257,signal_off,none,1.0,,h12_seq,top1,0.0,12.0
ml:flat:flat:none:top1:0.5:40,ml,,39,550.3534580000012,14.111627128205159,1.253652523917998,130.19767086925916,0.6153846153846154,44.42581800000016,0.0888382687927107,0.0888382687927107,flat,none,0.5,,flat,top1,40.0,12.0
ml:h12_seq:horizon:none:top1:1:10,ml,,82,550.1467620000067,6.709106853658618,1.2531816902050266,29.585307905854783,0.5853658536585366,132.06998199999725,0.1867881548974943,0.1867881548974943,horizon,none,1.0,,h12_seq,top1,10.0,12.0
ml:flat:flat:1atr:top1:0.5:40,ml,,39,549.672165714287,14.094158095238127,1.2521006052717243,130.0648065984187,0.6153846153846154,44.42581800000016,0.0888382687927107,0.0888382687927107,flat,1atr,0.5,,flat,top1,40.0,12.0
ml:h6:horizon:none:top1:0.5:0,ml,,424,546.7784160000167,1.289571735849096,1.2455089202733867,12.330972436951695,0.5448113207547169,117.93970600000011,0.9658314350797267,0.9658314350797267,horizon,none,0.5,,h6,top1,0.0,6.0
ml:h6:horizon:1atr:top1:0.5:0,ml,,424,545.8140365714453,1.2872972560647296,1.243312156199192,12.31482001458804,0.5448113207547169,118.73668942857148,0.9658314350797267,0.9658314350797267,horizon,1atr,0.5,,h6,top1,0.0,6.0
ml:h12:signal_off:1atr:concurrent:1:40,ml,,32,544.4193120000015,17.013103500000046,1.2401351070615068,90.87229082843098,0.6875,58.169107999999596,0.07289293849658314,0.0387243735763098,signal_off,1atr,1.0,,h12,concurrent,40.0,12.0
ml:h12:signal_off:none:concurrent:1:40,ml,,32,544.4193120000015,17.013103500000046,1.2401351070615068,90.87229082843098,0.6875,58.169107999999596,0.07289293849658314,0.0387243735763098,signal_off,none,1.0,,h12,concurrent,40.0,12.0
ml:h12_wide:horizon:none:top1:0.5:20,ml,,89,538.9805020000038,6.055960696629255,1.2277460182232431,57.22007643781793,0.6853932584269663,45.21288000000004,0.20273348519362186,0.20273348519362186,horizon,none,0.5,,h12_wide,top1,20.0,12.0
ml:h6:signal_off:none:top1:0.5:10,ml,,90,532.7965200000056,5.919961333333395,1.2136594988610605,56.88797490551465,0.6777777777777778,72.96425399999953,0.20501138952164008,0.20501138952164008,signal_off,none,0.5,,h6,top1,10.0,6.0
ml:flat:flat:1atr:concurrent:0.5:40,ml,,68,532.605633000002,7.832435779411793,1.2132246765375898,87.5020518703077,0.6029411764705882,112.51243071428553,0.1548974943052392,0.0888382687927107,flat,1atr,0.5,,flat,concurrent,40.0,12.0
ml:h6:signal_off:1atr:concurrent:1:20,ml,,84,528.9664055714368,6.297219113945676,1.2049348646274187,39.16626948266331,0.5952380952380952,269.7264044285712,0.19134396355353075,0.08656036446469248,signal_off,1atr,1.0,,h6,concurrent,20.0,6.0
ml:flat:flat:none:concurrent:0.5:40,ml,,68,525.931968000002,7.734293647058854,1.1980227061503463,86.73697936453262,0.6029411764705882,114.22851600000013,0.1548974943052392,0.0888382687927107,flat,none,0.5,,flat,concurrent,40.0,12.0
ml:h12_wide:horizon:1atr:top1:0.5:20,ml,,89,525.6251882857182,5.905900991974362,1.197323891311431,55.74473447595779,0.6853932584269663,45.21288000000004,0.20273348519362186,0.20273348519362186,horizon,1atr,0.5,,h12_wide,top1,20.0,12.0
ml:h12_seq:signal_off:1atr:top1:1:0,ml,,402,519.3879325714644,1.2920097825160806,1.1831160195249757,6.048965816290947,0.5049751243781094,211.11673542856715,0.9157175398633257,0.9157175398633257,signal_off,1atr,1.0,,h12_seq,top1,0.0,12.0
ml:h12_wide:signal_off:none:concurrent:1:20,ml,,190,518.9493800000188,2.731312526315888,1.1821170387244164,15.360205145235996,0.5894736842105263,448.45184399999744,0.4328018223234624,0.20273348519362186,signal_off,none,1.0,,h12_wide,concurrent,20.0,12.0
ml:h6:signal_off:1atr:top1:0.5:10,ml,,90,517.4922958571485,5.749914398412761,1.1787979404490854,55.70203108624147,0.6777777777777778,83.33056871428562,0.20501138952164008,0.20501138952164008,signal_off,1atr,0.5,,h6,top1,10.0,6.0
ml:h3:signal_off:none:top1:0.5:0,ml,,432,516.8118920000192,1.1963238240741185,1.1772480455581302,11.418557727491352,0.5740740740740741,88.45190399999774,0.9840546697038725,0.9840546697038725,signal_off,none,0.5,,h3,top1,0.0,3.0
ml:h3:horizon:none:top1:1:20,ml,,28,514.7614980000014,18.384339214285767,1.1725774441913472,81.05276833575546,0.8928571428571429,10.544318000000203,0.06378132118451026,0.06378132118451026,horizon,none,1.0,,h3,top1,20.0,3.0
ml:h3:horizon:1atr:top1:1:20,ml,,28,514.7614980000014,18.384339214285767,1.1725774441913472,81.05276833575546,0.8928571428571429,10.544318000000203,0.06378132118451026,0.06378132118451026,horizon,1atr,1.0,,h3,top1,20.0,3.0
ml:h3:signal_off:1atr:top1:0.5:0,ml,,432,510.82694971430493,1.1824697910053354,1.1636149196225625,10.995542793584953,0.5740740740740741,83.69977000000017,0.9840546697038725,0.9840546697038725,signal_off,1atr,0.5,,h3,top1,0.0,3.0
ml:h12_seq:horizon:1atr:top1:1:10,ml,,82,505.7667877142923,6.167887655052345,1.1520883547022605,27.984022117982192,0.5853658536585366,163.5008502857122,0.1867881548974943,0.1867881548974943,horizon,1atr,1.0,,h12_seq,top1,10.0,12.0
ml:h12:horizon:none:top1:1:40,ml,,17,504.0376880000009,29.649275764705937,1.148149630979501,132.78046713689108,0.7058823529411765,45.2047419999999,0.0387243735763098,0.0387243735763098,horizon,none,1.0,,h12,top1,40.0,12.0
ml:h12:horizon:1atr:top1:1:40,ml,,17,504.0376880000009,29.649275764705937,1.148149630979501,132.78046713689108,0.7058823529411765,45.2047419999999,0.0387243735763098,0.0387243735763098,horizon,1atr,1.0,,h12,top1,40.0,12.0
ml:h12:horizon:none:top1:0.5:0,ml,,409,499.37032600001925,1.2209543422983355,1.137517826879315,11.81311921162722,0.511002444987775,119.98585799999546,0.9316628701594533,0.9316628701594533,horizon,none,0.5,,h12,top1,0.0,12.0
ml:stack:flat:1atr:top1:1:40,ml,,24,497.92320371428895,20.746800154762038,1.1342214207614782,92.86746551184969,0.5833333333333334,131.17590285714186,0.05466970387243736,0.05466970387243736,flat,1atr,1.0,,stack,top1,40.0,12.0
ml:h12_wide:signal_off:1atr:concurrent:1:20,ml,,193,490.1373184285904,2.539571598075598,1.116485918971732,11.435742457143437,0.5751295336787565,416.90400928571216,0.4396355353075171,0.20273348519362186,signal_off,1atr,1.0,,h12_wide,concurrent,20.0,12.0
ml:h12:horizon:1atr:top1:0.5:0,ml,,409,486.0829742857334,1.1884669297939692,1.107250510901443,11.492079029217555,0.511002444987775,120.14374199999475,0.9316628701594533,0.9316628701594533,horizon,1atr,0.5,,h12,top1,0.0,12.0
ml:h6:signal_off:none:top1:0.5:0,ml,,424,486.07952800001823,1.1464139811321186,1.1072426605922967,11.751737285198484,0.5306603773584906,138.8970700000009,0.9658314350797267,0.9658314350797267,signal_off,none,0.5,,h6,top1,0.0,6.0
ml:h3:horizon:none:top1:0.5:0,ml,,432,482.36245400001786,1.116579754629671,1.0987755216401318,10.91096475005854,0.5509259259259259,94.56315599999789,0.9840546697038725,0.9840546697038725,horizon,none,0.5,,h3,top1,0.0,3.0
ml:h3:horizon:1atr:top1:0.5:0,ml,,432,482.36245400001786,1.116579754629671,1.0987755216401318,10.91096475005854,0.5509259259259259,94.56315599999789,0.9840546697038725,0.9840546697038725,horizon,1atr,0.5,,h3,top1,0.0,3.0
ml:h6:signal_off:1atr:top1:0.5:0,ml,,424,481.7716938571613,1.1362539949461352,1.0974298265538982,11.500003927333895,0.5306603773584906,135.85440942857258,0.9658314350797267,0.9658314350797267,signal_off,1atr,0.5,,h6,top1,0.0,6.0
ml:h6:signal_off:none:top1:0.5:20,ml,,38,476.6937320000021,12.544571894736897,1.0858627152619638,120.01241340515473,0.7368421052631579,38.68024400000013,0.08656036446469248,0.08656036446469248,signal_off,none,0.5,,h6,top1,20.0,6.0
ml:h6:signal_off:1atr:top1:0.5:20,ml,,38,476.6937320000021,12.544571894736897,1.0858627152619638,120.01241340515473,0.7368421052631579,38.68024400000013,0.08656036446469248,0.08656036446469248,signal_off,1atr,0.5,,h6,top1,20.0,6.0
ml:h3:signal_off:none:concurrent:1:20,ml,,53,474.2438980000062,8.947998075471816,1.080282227790447,40.73339115929833,0.6226415094339622,119.93978399999924,0.12072892938496584,0.06378132118451026,signal_off,none,1.0,,h3,concurrent,20.0,3.0
ml:h3:signal_off:1atr:concurrent:1:20,ml,,53,474.2438980000062,8.947998075471816,1.080282227790447,40.73339115929833,0.6226415094339622,119.93978399999924,0.12072892938496584,0.06378132118451026,signal_off,1atr,1.0,,h3,concurrent,20.0,3.0
ml:h12_wide:horizon:none:top1:1:40,ml,,33,471.462554000003,14.286744060606152,1.0739465922551321,65.6314230234409,0.6666666666666666,98.90412399999877,0.07517084282460136,0.07517084282460136,horizon,none,1.0,,h12_wide,top1,40.0,12.0
ml:h12:signal_off:none:top1:1:20,ml,,32,467.92858200000177,14.622768187500055,1.065896542141234,65.31872992288072,0.59375,67.79656799999975,0.07289293849658314,0.07289293849658314,signal_off,none,1.0,,h12,top1,20.0,12.0
gap:-0.015:1atr:flat:1,rule,gap,146,467.0568724285797,3.1990196741683543,1.0639108711357168,15.632967907476457,0.2671232876712329,427.55786842856855,0.3325740318906606,0.2984054669703872,flat,1atr,1.0,-0.015,,,,
ml:h6:signal_off:none:concurrent:0.5:20,ml,,131,461.6945580000055,3.5243859389313394,1.0516960318906732,38.758126878502004,0.5648854961832062,108.87252399999943,0.2984054669703872,0.08656036446469248,signal_off,none,0.5,,h6,concurrent,20.0,6.0
ml:flat:flat:1atr:concurrent:0.5:0,ml,,1020,457.3657184286059,0.4483977631652999,1.0418353494956853,4.4862217798641355,0.5019607843137255,478.36910314284614,2.3234624145785876,0.8610478359908884,flat,1atr,0.5,,flat,concurrent,0.0,12.0
ml:flat:flat:none:concurrent:0.5:0,ml,,1017,448.97065800003446,0.44146574041301323,1.022712205011468,3.0771165664394946,0.5054080629301868,444.2440519999882,2.316628701594533,0.8610478359908884,flat,none,0.5,,flat,concurrent,0.0,12.0
ml:h12:signal_off:1atr:top1:1:20,ml,,32,448.6661045714304,14.0208157678572,1.022018461438338,61.2154350914572,0.59375,92.32880342857106,0.07289293849658314,0.07289293849658314,signal_off,1atr,1.0,,h12,top1,20.0,12.0
ml:stack:flat:none:top1:1:40,ml,,24,446.91788800000273,18.62157866666678,1.0180361913439697,85.00682155990214,0.5833333333333334,154.5369439999995,0.05466970387243736,0.05466970387243736,flat,none,1.0,,stack,top1,40.0,12.0
ml:h12_wide:horizon:1atr:top1:1:40,ml,,33,436.7441657142889,13.234671688311785,0.9948614253172868,61.65247045963626,0.6666666666666666,101.17909228571398,0.07517084282460136,0.07517084282460136,horizon,1atr,1.0,,h12_wide,top1,40.0,12.0
ml:h12:horizon:none:top1:0.5:10,ml,,89,429.31755400000276,4.823792741573064,0.9779443143508035,45.75338937481277,0.5955056179775281,41.066554,0.20273348519362186,0.20273348519362186,horizon,none,0.5,,h12,top1,10.0,12.0
ml:h12:signal_off:none:top1:0.5:10,ml,,89,420.42234200000246,4.72384653932587,0.9576818724373632,44.08824679887567,0.5955056179775281,46.39882400000033,0.20273348519362186,0.20273348519362186,signal_off,none,0.5,,h12,top1,10.0,12.0
ml:h3:signal_off:none:top1:0.5:10,ml,,98,417.08758800000396,4.255995795918408,0.9500856218678906,40.43097367041464,0.673469387755102,37.142085999999836,0.22323462414578588,0.22323462414578588,signal_off,none,0.5,,h3,top1,10.0,3.0
ml:h12:horizon:1atr:top1:0.5:10,ml,,89,416.4463122857171,4.679172048154125,0.9486248571428636,44.278047412952624,0.5955056179775281,53.332671714285425,0.20273348519362186,0.20273348519362186,horizon,1atr,0.5,,h12,top1,10.0,12.0
ml:h6:signal_off:1atr:concurrent:0.5:20,ml,,133,416.02041342857694,3.127973033297571,0.947654700292886,36.77790448969995,0.5639097744360902,145.11220057142873,0.30296127562642367,0.08656036446469248,signal_off,1atr,0.5,,h6,concurrent,20.0,6.0
ml:h12:horizon:none:top1:1:20,ml,,32,408.43224400000213,12.763507625000067,0.9303695763097999,56.61064427214376,0.59375,88.20606999999973,0.07289293849658314,0.07289293849658314,horizon,none,1.0,,h12,top1,20.0,12.0
ml:h12:signal_off:1atr:top1:0.5:10,ml,,89,407.22665828571667,4.575580430176592,0.9276233673934321,42.612904837015535,0.5955056179775281,58.66494171428576,0.20273348519362186,0.20273348519362186,signal_off,1atr,0.5,,h12,top1,10.0,12.0
ml:h6:horizon:1atr:concurrent:1:40,ml,,35,401.7647740000028,11.478993542857221,0.9151817175398697,60.59730712156416,0.6857142857142857,75.65629399999898,0.07972665148063782,0.025056947608200455,horizon,1atr,1.0,,h6,concurrent,40.0,6.0
ml:h6:horizon:none:concurrent:1:40,ml,,35,401.7647740000028,11.478993542857221,0.9151817175398697,60.59730712156416,0.6857142857142857,75.65629399999898,0.07972665148063782,0.025056947608200455,horizon,none,1.0,,h6,concurrent,40.0,6.0
ml:h3:horizon:none:concurrent:1:10,ml,,298,398.7156240000287,1.337971892617546,0.908236045558152,8.983468521918802,0.5536912751677853,357.7369719999938,0.6788154897494305,0.22323462414578588,horizon,none,1.0,,h3,concurrent,10.0,3.0
ml:h3:horizon:1atr:concurrent:1:10,ml,,298,398.7156240000287,1.337971892617546,0.908236045558152,8.983468521918802,0.5536912751677853,357.7369719999938,0.6788154897494305,0.22323462414578588,horizon,1atr,1.0,,h3,concurrent,10.0,3.0
ml:h3:signal_off:1atr:top1:0.5:10,ml,,98,395.8971317142898,4.039766650145815,0.9018157897819813,38.566254778092535,0.673469387755102,42.64757028571421,0.22323462414578588,0.22323462414578588,signal_off,1atr,0.5,,h3,top1,10.0,3.0
ml:h12_wide:signal_off:none:top1:0.5:40,ml,,33,394.3010160000016,11.948515636363684,0.8981799908883863,111.17678470955039,0.696969696969697,36.586629999999786,0.07517084282460136,0.07517084282460136,signal_off,none,0.5,,h12_wide,top1,40.0,12.0
ml:h12:signal_off:none:top1:0.5:0,ml,,409,390.2847900000184,0.9542415403423433,0.8890314123007252,8.980201876810474,0.49877750611246946,117.83903399999508,0.9316628701594533,0.9316628701594533,signal_off,none,0.5,,h12,top1,0.0,12.0
ml:stack:flat:1atr:concurrent:1:10,ml,,217,390.1813385714436,1.7980706846610304,0.8887957598438351,15.2972736220614,0.5483870967741935,493.6404601428526,0.49430523917995445,0.4396355353075171,flat,1atr,1.0,,stack,concurrent,10.0,12.0
ml:h12:signal_off:none:concurrent:0.5:40,ml,,49,388.5718360000012,7.93003746938778,0.88512946697039,77.99430179526261,0.673469387755102,39.549935999999434,0.11161731207289294,0.0387243735763098,signal_off,none,0.5,,h12,concurrent,40.0,12.0
ml:h12:signal_off:1atr:concurrent:0.5:40,ml,,49,388.5718360000012,7.93003746938778,0.88512946697039,77.99430179526261,0.673469387755102,39.549935999999434,0.11161731207289294,0.0387243735763098,signal_off,1atr,0.5,,h12,concurrent,40.0,12.0
ml:h12_wide:signal_off:1atr:top1:0.5:40,ml,,33,384.94550628571596,11.665015341991392,0.8768690348193986,107.19783214574575,0.696969696969697,39.307393714285354,0.07517084282460136,0.07517084282460136,signal_off,1atr,0.5,,h12_wide,top1,40.0,12.0
ml:h3:signal_off:none:concurrent:0.5:20,ml,,95,381.8736140000043,4.019722252631624,0.8698715580865701,41.94922559379221,0.6,108.85384999999997,0.2164009111617312,0.06378132118451026,signal_off,none,0.5,,h3,concurrent,20.0,3.0
ml:h3:signal_off:1atr:concurrent:0.5:20,ml,,95,381.8736140000043,4.019722252631624,0.8698715580865701,41.94922559379221,0.6,108.85384999999997,0.2164009111617312,0.06378132118451026,signal_off,1atr,0.5,,h3,concurrent,20.0,3.0
ml:h6:signal_off:1atr:concurrent:0.5:40,ml,,41,380.3883600000015,9.277764878048817,0.8664882915717574,88.09152986691184,0.6585365853658537,44.87801799999943,0.09339407744874716,0.025056947608200455,signal_off,1atr,0.5,,h6,concurrent,40.0,6.0
ml:h6:signal_off:none:concurrent:0.5:40,ml,,41,380.3883600000015,9.277764878048817,0.8664882915717574,88.09152986691184,0.6585365853658537,44.87801799999943,0.09339407744874716,0.025056947608200455,signal_off,none,0.5,,h6,concurrent,40.0,6.0
ml:h12:horizon:1atr:top1:1:20,ml,,32,378.32346657143086,11.822608330357214,0.86178466189392,52.50734944072025,0.59375,88.20606999999973,0.07289293849658314,0.07289293849658314,horizon,1atr,1.0,,h12,top1,20.0,12.0
ml:flat:flat:none:top1:1:0,ml,,378,378.22993600003826,1.0006082962963976,0.8615716082005428,6.027775864452053,0.49206349206349204,307.7696559999888,0.8610478359908884,0.8610478359908884,flat,none,1.0,,flat,top1,0.0,12.0
ml:h12:signal_off:1atr:top1:0.5:0,ml,,409,377.6983382857326,0.9234678197695173,0.8603606794663612,8.659161694400812,0.49877750611246946,115.56487599999673,0.9316628701594533,0.9316628701594533,signal_off,1atr,0.5,,h12,top1,0.0,12.0
ml:h3:horizon:none:top1:0.5:10,ml,,98,377.3714740000031,3.8507293265306437,0.8596161138952235,37.32078958248164,0.673469387755102,35.41888800000015,0.22323462414578588,0.22323462414578588,horizon,none,0.5,,h3,top1,10.0,3.0
ml:h3:horizon:1atr:top1:0.5:10,ml,,98,377.3714740000031,3.8507293265306437,0.8596161138952235,37.32078958248164,0.673469387755102,35.41888800000015,0.22323462414578588,0.22323462414578588,horizon,1atr,0.5,,h3,top1,10.0,3.0
ml:h12_seq:horizon:none:top1:0.5:0,ml,,402,363.71858600001644,0.9047726019900907,0.8285161412301058,8.480718444673208,0.5024875621890548,85.34243999999944,0.9157175398633257,0.9157175398633257,horizon,none,0.5,,h12_seq,top1,0.0,12.0
ml:h6:horizon:none:top1:0.5:10,ml,,90,349.9057380000051,3.88784153333339,0.7970517949886221,40.92983202861267,0.6444444444444445,108.26719200000025,0.20501138952164008,0.20501138952164008,horizon,none,0.5,,h6,top1,10.0,6.0
ml:h6:horizon:1atr:top1:0.5:10,ml,,90,349.10875457143374,3.878986161904819,0.7952363429873206,40.853736172143904,0.6444444444444445,109.06417542857162,0.20501138952164008,0.20501138952164008,horizon,1atr,0.5,,h6,top1,10.0,6.0
ml:h3:signal_off:1atr:top1:0.5:20,ml,,28,347.0493660000014,12.394620214285764,0.7905452528473835,118.62266495057675,0.75,29.920298000000003,0.06378132118451026,0.06378132118451026,signal_off,1atr,0.5,,h3,top1,20.0,3.0
ml:h3:signal_off:none:top1:0.5:20,ml,,28,347.0493660000014,12.394620214285764,0.7905452528473835,118.62266495057675,0.75,29.920298000000003,0.06378132118451026,0.06378132118451026,signal_off,none,0.5,,h3,top1,20.0,3.0
ml:h6:horizon:none:concurrent:1:20,ml,,98,342.8365000000097,3.4983316326531604,0.7809487471526417,14.289423077910783,0.5612244897959183,141.85998599999948,0.22323462414578588,0.08656036446469248,horizon,none,1.0,,h6,concurrent,20.0,6.0
ml:h6:horizon:1atr:top1:1:40,ml,,11,341.40803600000197,31.03709418181836,0.7776948428246059,141.62142009910397,1.0,0.0,0.025056947608200455,0.025056947608200455,horizon,1atr,1.0,,h6,top1,40.0,6.0
ml:h6:horizon:none:top1:1:40,ml,,11,341.40803600000197,31.03709418181836,0.7776948428246059,141.62142009910397,1.0,0.0,0.025056947608200455,0.025056947608200455,horizon,none,1.0,,h6,top1,40.0,6.0
ml:h6:horizon:1atr:top1:0.5:20,ml,,38,333.6914100000021,8.781352894736898,0.7601171070615083,82.37505978468442,0.7105263157894737,21.062604000000192,0.08656036446469248,0.08656036446469248,horizon,1atr,0.5,,h6,top1,20.0,6.0
ml:h6:horizon:none:top1:0.5:20,ml,,38,333.6914100000021,8.781352894736898,0.7601171070615083,82.37505978468442,0.7105263157894737,21.062604000000192,0.08656036446469248,0.08656036446469248,horizon,none,0.5,,h6,top1,20.0,6.0
ml:stack:flat:1atr:top1:0.5:20,ml,,92,331.6731672857186,3.6051431226708543,0.7555197432476506,36.44030042176714,0.5217391304347826,188.1514789999983,0.20956719817767655,0.20956719817767655,flat,1atr,0.5,,stack,top1,20.0,12.0
ml:h6:horizon:1atr:concurrent:1:20,ml,,101,321.25805771429555,3.1807728486563915,0.731795120078122,13.687459866496951,0.5643564356435643,163.2771302857136,0.23006833712984054,0.08656036446469248,horizon,1atr,1.0,,h6,concurrent,20.0,6.0
ml:h12_seq:signal_off:none:top1:0.5:10,ml,,82,310.60717600000197,3.7878923902439263,0.7075334305239225,34.62392098206112,0.5975609756097561,59.489267999999356,0.1867881548974943,0.1867881548974943,signal_off,none,0.5,,h12_seq,top1,10.0,12.0
ml:h3:signal_off:none:concurrent:0.5:10,ml,,318,310.33281200001244,0.9758893459119888,0.706908455580894,12.308483299743143,0.5660377358490566,197.7785939999958,0.724373576309795,0.22323462414578588,signal_off,none,0.5,,h3,concurrent,10.0,3.0
ml:h3:horizon:1atr:concurrent:1:20,ml,,79,309.90305200000904,3.922823443038089,0.7059295034168771,19.52384028195851,0.6455696202531646,111.2792359999994,0.17995444191343962,0.06378132118451026,horizon,1atr,1.0,,h3,concurrent,20.0,3.0
ml:h3:horizon:none:concurrent:1:20,ml,,79,309.90305200000904,3.922823443038089,0.7059295034168771,19.52384028195851,0.6455696202531646,111.2792359999994,0.17995444191343962,0.06378132118451026,horizon,none,1.0,,h3,concurrent,20.0,3.0
ml:stack:flat:none:top1:0.5:20,ml,,92,309.382424000004,3.3628524347826523,0.7047435626423781,34.29218359773085,0.5217391304347826,201.7725279999986,0.20956719817767655,0.20956719817767655,flat,none,0.5,,stack,top1,20.0,12.0
ml:h3:signal_off:1atr:concurrent:0.5:10,ml,,299,308.6477187142981,1.0322666177735722,0.7030699742922508,13.688694614035963,0.568561872909699,167.2717949999933,0.6810933940774487,0.22323462414578588,signal_off,1atr,0.5,,h3,concurrent,10.0,3.0
ml:h12_seq:horizon:1atr:top1:0.5:0,ml,,402,306.800743428588,0.7631859289268359,0.6988627412951891,7.471357021742794,0.5024875621890548,96.28857557142783,0.9157175398633257,0.9157175398633257,horizon,1atr,0.5,,h12_seq,top1,0.0,12.0
ml:h12:signal_off:none:concurrent:1:10,ml,,212,295.61441000002,1.394407594339717,0.673381343963599,5.201253992447003,0.5,368.21733199999744,0.48291571753986334,0.20273348519362186,signal_off,none,1.0,,h12,concurrent,10.0,12.0
ml:h12_seq:signal_off:1atr:top1:0.5:10,ml,,82,292.5274702857164,3.5674081742160535,0.6663495906280555,33.02263519418853,0.5975609756097561,71.75538571428478,0.1867881548974943,0.1867881548974943,signal_off,1atr,0.5,,h12_seq,top1,10.0,12.0
ml:h6:horizon:none:concurrent:0.5:40,ml,,50,266.7962920000026,5.335925840000052,0.6077364282460196,60.74931098925222,0.68,43.81559000000016,0.11389521640091116,0.025056947608200455,horizon,none,0.5,,h6,concurrent,40.0,6.0
ml:h6:horizon:1atr:concurrent:0.5:40,ml,,50,266.7962920000026,5.335925840000052,0.6077364282460196,60.74931098925222,0.68,43.81559000000016,0.11389521640091116,0.025056947608200455,horizon,1atr,0.5,,h6,concurrent,40.0,6.0
ml:h3:horizon:1atr:concurrent:0.5:10,ml,,423,263.88714800001947,0.6238466855792423,0.6011096765376298,7.085735157415566,0.541371158392435,210.33666999999605,0.9635535307517085,0.22323462414578588,horizon,1atr,0.5,,h3,concurrent,10.0,3.0
ml:h3:horizon:none:concurrent:0.5:10,ml,,423,263.88714800001947,0.6238466855792423,0.6011096765376298,7.085735157415566,0.541371158392435,210.33666999999605,0.9635535307517085,0.22323462414578588,horizon,none,0.5,,h3,concurrent,10.0,3.0
ml:h12_seq:signal_off:none:top1:0.5:0,ml,,402,263.7125300000153,0.6560013184079982,0.6007119134396705,6.375596250633118,0.5049751243781094,85.50041400000009,0.9157175398633257,0.9157175398633257,signal_off,none,0.5,,h12_seq,top1,0.0,12.0
ml:flat:flat:1atr:top1:1:0,ml,,378,262.8490195714664,0.695367776644091,0.59874491929719,4.3569253982962755,0.49206349206349204,348.2152511428419,0.8610478359908884,0.8610478359908884,flat,1atr,1.0,,flat,top1,0.0,12.0
gap:-0.015:1atr:flat:0.5,rule,gap,226,262.48213814286333,1.1614253900126696,0.5979091985031055,17.2272647595574,0.27876106194690264,213.7039362857122,0.5148063781321185,0.2984054669703872,flat,1atr,0.5,-0.015,,,,
ml:h12:signal_off:1atr:concurrent:1:10,ml,,210,256.7747777143053,1.2227370367347872,0.5849083774813332,8.039588840708294,0.5190476190476191,357.6073559999986,0.4783599088838269,0.20273348519362186,signal_off,1atr,1.0,,h12,concurrent,10.0,12.0
ml:h12_seq:horizon:none:top1:0.5:10,ml,,82,252.2138880000029,3.0757791219512547,0.57451910706151,29.585307905854783,0.5853658536585366,55.78567199999952,0.1867881548974943,0.1867881548974943,horizon,none,0.5,,h12_seq,top1,10.0,12.0
ml:h6:signal_off:none:top1:0.5:40,ml,,11,252.04724200000067,22.913385636363696,0.574139503416858,223.51450401215416,1.0,0.0,0.025056947608200455,0.025056947608200455,signal_off,none,0.5,,h6,top1,40.0,6.0
ml:h6:signal_off:1atr:top1:0.5:40,ml,,11,252.04724200000067,22.913385636363696,0.574139503416858,223.51450401215416,1.0,0.0,0.025056947608200455,0.025056947608200455,signal_off,1atr,0.5,,h6,top1,40.0,6.0
ml:h6:signal_off:none:concurrent:1:10,ml,,214,246.42019800002026,1.1514962523365433,0.5613216355353536,3.8709989990866793,0.5327102803738317,377.73619399999643,0.4874715261958998,0.20501138952164008,signal_off,none,1.0,,h6,concurrent,10.0,6.0
ml:h12:signal_off:none:top1:0.5:40,ml,,17,243.75022600000023,14.338248588235308,0.5552396947608206,150.96597208861613,0.7058823529411765,20.547610000000077,0.0387243735763098,0.0387243735763098,signal_off,none,0.5,,h12,top1,40.0,12.0
ml:h12:signal_off:1atr:top1:0.5:40,ml,,17,243.75022600000023,14.338248588235308,0.5552396947608206,150.96597208861613,0.7058823529411765,20.547610000000077,0.0387243735763098,0.0387243735763098,signal_off,1atr,0.5,,h12,top1,40.0,12.0
ml:h12:horizon:1atr:concurrent:1:40,ml,,31,241.29624600000216,7.783749870967812,0.5496497630979548,51.63609788468235,0.5806451612903226,85.91446799999858,0.07061503416856492,0.0387243735763098,horizon,1atr,1.0,,h12,concurrent,40.0,12.0
ml:h12:horizon:none:concurrent:1:40,ml,,31,241.29624600000216,7.783749870967812,0.5496497630979548,51.63609788468235,0.5806451612903226,85.91446799999858,0.07061503416856492,0.0387243735763098,horizon,none,1.0,,h12,concurrent,40.0,12.0
ml:h12_seq:horizon:1atr:top1:0.5:10,ml,,82,240.35087628571722,2.9311082473867955,0.5474963013342078,27.984022117982192,0.5853658536585366,68.05178971428495,0.1867881548974943,0.1867881548974943,horizon,1atr,0.5,,h12_seq,top1,10.0,12.0
ml:h12_seq:signal_off:1atr:top1:0.5:0,ml,,402,236.8403542857296,0.5891551101635065,0.5394996680768328,6.048965816290947,0.5049751243781094,97.76653171428552,0.9157175398633257,0.9157175398633257,signal_off,1atr,0.5,,h12_seq,top1,0.0,12.0
ml:stack:flat:1atr:top1:0.5:40,ml,,24,230.67674671428716,9.611531113095298,0.5254595597136382,92.86746551184969,0.5833333333333334,49.98371957142854,0.05466970387243736,0.05466970387243736,flat,1atr,0.5,,stack,top1,40.0,12.0
ml:h3:horizon:none:top1:0.5:20,ml,,28,228.51997000000065,8.161427500000023,0.5205466287015961,81.05276833575546,0.8928571428571429,4.962031999999908,0.06378132118451026,0.06378132118451026,horizon,none,0.5,,h3,top1,20.0,3.0
ml:h3:horizon:1atr:top1:0.5:20,ml,,28,228.51997000000065,8.161427500000023,0.5205466287015961,81.05276833575546,0.8928571428571429,4.962031999999908,0.06378132118451026,0.06378132118451026,horizon,1atr,0.5,,h3,top1,20.0,3.0
ml:h12_wide:horizon:none:top1:0.5:40,ml,,33,221.7825400000014,6.720683030303073,0.5051994077448779,65.63142302344089,0.6666666666666666,41.370999999999185,0.07517084282460136,0.07517084282460136,horizon,none,0.5,,h12_wide,top1,40.0,12.0
ml:flat:flat:none:top1:0.5:0,ml,,378,217.16343200001674,0.5745064338624781,0.49467752164012924,6.027775864452054,0.49206349206349204,148.44632399999432,0.8610478359908884,0.8610478359908884,flat,none,0.5,,flat,top1,0.0,12.0
ml:h12:horizon:1atr:top1:0.5:40,ml,,17,214.86188400000037,12.638934352941199,0.48943481548975026,132.78046713689108,0.7058823529411765,20.547610000000077,0.0387243735763098,0.0387243735763098,horizon,1atr,0.5,,h12,top1,40.0,12.0
ml:h12:horizon:none:top1:0.5:40,ml,,17,214.86188400000037,12.638934352941199,0.48943481548975026,132.78046713689108,0.7058823529411765,20.547610000000077,0.0387243735763098,0.0387243735763098,horizon,none,0.5,,h12,top1,40.0,12.0
ml:h12_wide:signal_off:none:concurrent:1:40,ml,,67,210.14253600000603,3.13645576119412,0.47868459225513904,13.376455569880575,0.5970149253731343,352.7599819999991,0.15261958997722094,0.07517084282460136,signal_off,none,1.0,,h12_wide,concurrent,40.0,12.0
ml:h12_wide:horizon:1atr:top1:0.5:40,ml,,33,209.51642228571575,6.348982493506538,0.4772583651155256,61.65247045963626,0.6666666666666666,41.370999999999185,0.07517084282460136,0.07517084282460136,horizon,1atr,0.5,,h12_wide,top1,40.0,12.0
ml:h12:horizon:1atr:concurrent:0.5:40,ml,,52,206.41374600000137,3.9694951153846416,0.47019076537585736,39.89012919002191,0.5769230769230769,39.54993599999989,0.11845102505694761,0.0387243735763098,horizon,1atr,0.5,,h12,concurrent,40.0,12.0
ml:h12:horizon:none:concurrent:0.5:40,ml,,52,206.41374600000137,3.9694951153846416,0.47019076537585736,39.89012919002191,0.5769230769230769,39.54993599999989,0.11845102505694761,0.0387243735763098,horizon,none,0.5,,h12,concurrent,40.0,12.0
gap:-0.015:none:flat:0.5,rule,gap,229,205.46144800000673,0.8972115633188067,0.46802152164010646,14.386929870587101,0.5109170305676856,389.7076679999984,0.5216400911161732,0.2984054669703872,flat,none,0.5,-0.015,,,,
ml:stack:flat:none:top1:0.5:40,ml,,24,200.58387400000123,8.357661416666717,0.45691087471526476,85.00682155990214,0.5833333333333334,58.74411000000009,0.05466970387243736,0.05466970387243736,flat,none,0.5,,stack,top1,40.0,12.0
ml:h12:signal_off:none:top1:0.5:20,ml,,32,199.99776600000078,6.249930187500024,0.45557577676537764,65.31872992288072,0.59375,34.02529999999979,0.07289293849658314,0.07289293849658314,signal_off,none,0.5,,h12,top1,20.0,12.0
gap:-0.004:1atr:flat:1,rule,gap,345,194.14669214287954,0.5627440351967523,0.4422475903026869,2.757705653389513,0.22028985507246376,595.982299285706,0.785876993166287,0.6765375854214123,flat,1atr,1.0,-0.004,,,,
h5_gap_down,rule,frozen,345,194.14669214287954,0.5627440351967523,0.4422475903026869,2.757705653389513,0.22028985507246376,595.982299285706,0.785876993166287,0.6765375854214123,,,,,,,,
ml:h3:horizon:1atr:concurrent:0.5:20,ml,,127,193.03392200000582,1.5199521417323292,0.43971280637814536,15.34012214936064,0.5748031496062992,101.1806319999996,0.28929384965831434,0.06378132118451026,horizon,1atr,0.5,,h3,concurrent,20.0,3.0
ml:h3:horizon:none:concurrent:0.5:20,ml,,127,193.03392200000582,1.5199521417323292,0.43971280637814536,15.34012214936064,0.5748031496062992,101.1806319999996,0.28929384965831434,0.06378132118451026,horizon,none,0.5,,h3,concurrent,20.0,3.0
ml:h12:horizon:none:concurrent:1:10,ml,,218,189.62931400001946,0.8698592385321994,0.43195743507977097,4.550901519235659,0.481651376146789,393.88106599999765,0.49658314350797267,0.20273348519362186,horizon,none,1.0,,h12,concurrent,10.0,12.0
ml:h12:signal_off:1atr:top1:0.5:20,ml,,32,189.4260802857151,5.919565008928597,0.43149448812235786,61.21543509145721,0.59375,46.29141771428567,0.07289293849658314,0.07289293849658314,signal_off,1atr,0.5,,h12,top1,20.0,12.0
ml:h12_seq:signal_off:none:top1:1:20,ml,,25,186.49801600000063,7.459920640000025,0.4248246378132133,34.14989084588463,0.56,103.23674400000073,0.05694760820045558,0.05694760820045558,signal_off,none,1.0,,h12_seq,top1,20.0,12.0
ml:h12_wide:signal_off:1atr:concurrent:1:40,ml,,66,179.3606077142919,2.717584965368059,0.4085663045883642,16.162007287279064,0.6060606060606061,352.7599819999991,0.15034168564920272,0.07517084282460136,signal_off,1atr,1.0,,h12_wide,concurrent,40.0,12.0
ml:h12_wide:horizon:none:concurrent:1:20,ml,,203,179.2360320000169,0.8829361182266843,0.4082825330296513,-5.611909631884626,0.47783251231527096,545.602797999994,0.4624145785876993,0.20273348519362186,horizon,none,1.0,,h12_wide,concurrent,20.0,12.0
ml:h6:signal_off:1atr:concurrent:1:10,ml,,213,177.27484957144873,0.8322762890678344,0.40381514708758254,2.132395055855176,0.539906103286385,334.6068439999949,0.48519362186788156,0.20501138952164008,signal_off,1atr,1.0,,h6,concurrent,10.0,6.0
ml:h12:horizon:none:top1:0.5:20,ml,,32,176.0399860000009,5.501249562500028,0.4010022460136695,56.61064427214376,0.59375,37.515488000000005,0.07289293849658314,0.07289293849658314,horizon,none,0.5,,h12,top1,20.0,12.0
ml:h12_seq:horizon:none:concurrent:1:40,ml,,20,175.3532820000023,8.767664100000115,0.39943800000000523,53.72801842456768,0.7,41.49709999999959,0.04555808656036447,0.018223234624145785,horizon,none,1.0,,h12_seq,concurrent,40.0,12.0
ml:h12_seq:horizon:1atr:concurrent:1:40,ml,,20,175.3532820000023,8.767664100000115,0.39943800000000523,53.72801842456768,0.7,41.49709999999959,0.04555808656036447,0.018223234624145785,horizon,1atr,1.0,,h12_seq,concurrent,40.0,12.0
ml:h6:horizon:none:concurrent:0.5:20,ml,,172,173.50880800000652,1.0087721395349216,0.3952364646924978,13.962715267144468,0.5348837209302325,99.12693399999944,0.3917995444191344,0.08656036446469248,horizon,none,0.5,,h6,concurrent,20.0,6.0
ml:h12_seq:signal_off:none:concurrent:1:40,ml,,19,170.28162000000194,8.962190526315892,0.3878852391799589,63.02602920517711,0.7368421052631579,41.49709999999959,0.04328018223234624,0.018223234624145785,signal_off,none,1.0,,h12_seq,concurrent,40.0,12.0
ml:h12_seq:signal_off:1atr:concurrent:1:40,ml,,19,170.28162000000194,8.962190526315892,0.3878852391799589,63.02602920517711,0.7368421052631579,41.49709999999959,0.04328018223234624,0.018223234624145785,signal_off,1atr,1.0,,h12_seq,concurrent,40.0,12.0
ml:h6:horizon:1atr:concurrent:0.5:20,ml,,172,169.46093628572072,0.9852380016611669,0.3860158001952636,12.999823102187152,0.5290697674418605,107.69379171428545,0.3917995444191344,0.08656036446469248,horizon,1atr,0.5,,h6,concurrent,20.0,6.0
ml:h12_wide:horizon:1atr:concurrent:1:20,ml,,205,167.28245100001703,0.8160119560976441,0.38105341913443513,-5.824211138751221,0.47804878048780486,529.7896467142805,0.46697038724373574,0.20273348519362186,horizon,1atr,1.0,,h12_wide,concurrent,20.0,12.0
ml:h12_seq:signal_off:none:concurrent:1:10,ml,,198,166.4610260000134,0.8407122525253201,0.3791822915717845,6.112792184740296,0.4898989898989899,335.83248799999956,0.4510250569476082,0.1867881548974943,signal_off,none,1.0,,h12_seq,concurrent,10.0,12.0
ml:h12_wide:signal_off:1atr:concurrent:0.5:20,ml,,290,163.92711057144047,0.5652658985222085,0.3734102746502061,5.040461113227921,0.5482758620689655,281.12364171428317,0.6605922551252847,0.20273348519362186,signal_off,1atr,0.5,,h12_wide,concurrent,20.0,12.0
ml:h12:horizon:1atr:top1:0.5:20,ml,,32,163.02136228571524,5.094417571428601,0.3713470667100575,52.50734944072025,0.59375,42.06226371428602,0.07289293849658314,0.07289293849658314,horizon,1atr,0.5,,h12,top1,20.0,12.0
gap:-0.015:1atr:60min:0.5,rule,gap,223,162.7124534285781,0.729652257527256,0.3706434018874216,10.451674154109657,0.4439461883408072,108.7673432857141,0.5079726651480638,0.2984054669703872,60min,1atr,0.5,-0.015,,,,
ml:h12_wide:signal_off:none:concurrent:0.5:20,ml,,297,159.66819200001166,0.5376033400673793,0.3637088656036712,3.570896493396199,0.5454545454545454,298.7070739999981,0.6765375854214123,0.20273348519362186,signal_off,none,0.5,,h12_wide,concurrent,20.0,12.0
ml:h12_seq:signal_off:1atr:top1:1:20,ml,,25,159.0480465714293,6.361921862857172,0.3622962336479027,28.89767346166253,0.56,123.0640994285709,0.05694760820045558,0.05694760820045558,signal_off,1atr,1.0,,h12_seq,top1,20.0,12.0
ml:h12_seq:signal_off:1atr:concurrent:1:10,ml,,198,158.83852714287093,0.8022147835498532,0.3618189684347857,4.0319579616301136,0.4797979797979798,307.79393399999844,0.4510250569476082,0.1867881548974943,signal_off,1atr,1.0,,h12_seq,concurrent,10.0,12.0
ml:h3:signal_off:1atr:concurrent:1:10,ml,,223,157.63503214287306,0.7068835522101931,0.35907752196554227,3.6039054573013027,0.5426008968609866,426.9675992857092,0.5079726651480638,0.22323462414578588,signal_off,1atr,1.0,,h3,concurrent,10.0,3.0
ml:h3:signal_off:1atr:top1:1:40,ml,,4,156.36846200000076,39.09211550000019,0.3561923963553548,190.36814757813582,0.75,10.639573999999811,0.009111617312072893,0.009111617312072893,signal_off,1atr,1.0,,h3,top1,40.0,3.0
ml:h3:signal_off:none:top1:1:40,ml,,4,156.36846200000076,39.09211550000019,0.3561923963553548,190.36814757813582,0.75,10.639573999999811,0.009111617312072893,0.009111617312072893,signal_off,none,1.0,,h3,top1,40.0,3.0
ml:h12:horizon:1atr:concurrent:1:10,ml,,219,154.2804985714483,0.7044771624267046,0.35143621542471143,5.373425424167963,0.4931506849315068,392.376129142855,0.4988610478359909,0.20273348519362186,horizon,1atr,1.0,,h12,concurrent,10.0,12.0
ml:h6:horizon:1atr:top1:0.5:40,ml,,11,146.29259200000087,13.299326545454624,0.3332405284738061,141.62142009910397,1.0,0.0,0.025056947608200455,0.025056947608200455,horizon,1atr,0.5,,h6,top1,40.0,6.0
ml:h6:horizon:none:top1:0.5:40,ml,,11,146.29259200000087,13.299326545454624,0.3332405284738061,141.62142009910397,1.0,0.0,0.025056947608200455,0.025056947608200455,horizon,none,0.5,,h6,top1,40.0,6.0
ml:h3:signal_off:1atr:concurrent:1:40,ml,,5,146.2540120000011,29.250802400000218,0.33315264692483165,142.95601868400536,0.6,10.639573999999811,0.011389521640091117,0.009111617312072893,signal_off,1atr,1.0,,h3,concurrent,40.0,3.0
ml:h3:signal_off:none:concurrent:1:40,ml,,5,146.2540120000011,29.250802400000218,0.33315264692483165,142.95601868400536,0.6,10.639573999999811,0.011389521640091117,0.009111617312072893,signal_off,none,1.0,,h3,concurrent,40.0,3.0
ml:h12_wide:signal_off:none:concurrent:0.5:40,ml,,102,145.66762000000506,1.4281139215686771,0.33181690205012543,20.446867490667852,0.5686274509803921,188.15259399999923,0.23234624145785876,0.07517084282460136,signal_off,none,0.5,,h12_wide,concurrent,40.0,12.0
gap:-0.015:none:60min:0.5,rule,gap,228,142.04241600000853,0.6229930526316163,0.32355903416858434,12.23316494130516,0.5526315789473685,115.38658599999917,0.5193621867881549,0.2984054669703872,60min,none,0.5,-0.015,,,,
ml:flat:flat:1atr:top1:0.5:0,ml,,378,136.75680542858828,0.36179049055182083,0.3115189189717273,4.3569253982962755,0.49206349206349204,170.49081199999318,0.8610478359908884,0.8610478359908884,flat,1atr,0.5,,flat,top1,0.0,12.0
ml:h12_wide:signal_off:1atr:concurrent:0.5:40,ml,,102,133.31004628571935,1.3069612380952877,0.30366753140254976,20.171819273643628,0.5686274509803921,185.76909999999953,0.23234624145785876,0.07517084282460136,signal_off,1atr,0.5,,h12_wide,concurrent,40.0,12.0
ml:h12_seq:horizon:none:top1:1:20,ml,,25,132.86965800000152,5.314786320000061,0.3026643690205046,24.684347872614957,0.6,98.53186399999959,0.05694760820045558,0.05694760820045558,horizon,none,1.0,,h12_seq,top1,20.0,12.0
ml:h12_seq:horizon:1atr:concurrent:0.5:40,ml,,34,129.74797200000185,3.816116823529466,0.2955534669703915,37.24646081905845,0.6176470588235294,34.721852000000126,0.0774487471526196,0.018223234624145785,horizon,1atr,0.5,,h12_seq,concurrent,40.0,12.0
ml:h12_seq:horizon:none:concurrent:0.5:40,ml,,34,129.74797200000185,3.816116823529466,0.2955534669703915,37.24646081905845,0.6176470588235294,34.721852000000126,0.0774487471526196,0.018223234624145785,horizon,none,0.5,,h12_seq,concurrent,40.0,12.0
ml:h3:signal_off:none:concurrent:1:10,ml,,226,127.56295400001595,0.5644378495575927,0.29057620501142584,6.02042447200457,0.5486725663716814,501.6588579999957,0.5148063781321185,0.22323462414578588,signal_off,none,1.0,,h3,concurrent,10.0,3.0
ml:h12_wide:signal_off:none:concurrent:1:10,ml,,499,117.3123160000405,0.23509482164336773,0.2672262323463337,-2.236218269689875,0.4909819639278557,407.0714839999946,1.1366742596810935,0.4328018223234624,signal_off,none,1.0,,h12_wide,concurrent,10.0,12.0
ml:h12_seq:signal_off:none:concurrent:0.5:40,ml,,32,113.79617400000144,3.556130437500045,0.2592167972665181,43.96488193227527,0.65625,35.030077999999776,0.07289293849658314,0.018223234624145785,signal_off,none,0.5,,h12_seq,concurrent,40.0,12.0
ml:h12_seq:signal_off:1atr:concurrent:0.5:40,ml,,32,113.79617400000144,3.556130437500045,0.2592167972665181,43.96488193227527,0.65625,35.030077999999776,0.07289293849658314,0.018223234624145785,signal_off,1atr,0.5,,h12_seq,concurrent,40.0,12.0
ml:h3:horizon:none:top1:1:40,ml,,4,109.83777000000023,27.45944250000006,0.2501999316628707,132.6231661209526,0.75,5.580586000000039,0.009111617312072893,0.009111617312072893,horizon,none,1.0,,h3,top1,40.0,3.0
ml:h3:horizon:1atr:top1:1:40,ml,,4,109.83777000000023,27.45944250000006,0.2501999316628707,132.6231661209526,0.75,5.580586000000039,0.009111617312072893,0.009111617312072893,horizon,1atr,1.0,,h3,top1,40.0,3.0
ml:h12_seq:horizon:1atr:top1:1:20,ml,,25,109.57736657143019,4.383094662857207,0.2496067575659002,19.432130488392858,0.6,123.0640994285709,0.05694760820045558,0.05694760820045558,horizon,1atr,1.0,,h12_seq,top1,20.0,12.0
ml:h3:horizon:none:concurrent:1:40,ml,,5,100.12789800000056,20.02557960000011,0.22808177220956846,96.76003351825877,0.6,9.70987199999945,0.011389521640091117,0.009111617312072893,horizon,none,1.0,,h3,concurrent,40.0,3.0
ml:h3:horizon:1atr:concurrent:1:40,ml,,5,100.12789800000056,20.02557960000011,0.22808177220956846,96.76003351825877,0.6,9.70987199999945,0.011389521640091117,0.009111617312072893,horizon,1atr,1.0,,h3,concurrent,40.0,3.0
ml:h6:signal_off:none:concurrent:0.5:10,ml,,334,98.78292600001244,0.2957572634730911,0.2250180546697322,4.471183121715458,0.5239520958083832,222.8671319999935,0.7608200455580866,0.20501138952164008,signal_off,none,0.5,,h6,concurrent,10.0,6.0
ml:stack:flat:1atr:concurrent:1:40,ml,,27,88.27288328571832,3.2693660476191972,0.20107718288318524,-0.39709557325578415,0.5185185185185185,184.1229119999989,0.06150341685649203,0.05466970387243736,flat,1atr,1.0,,stack,concurrent,40.0,12.0
gap:-0.015:1atr:60min:1,rule,gap,156,87.05833285715349,0.5580662362638044,0.198310553205361,4.2220984147062275,0.4230769230769231,197.60178342856625,0.3553530751708428,0.2984054669703872,60min,1atr,1.0,-0.015,,,,
ml:h12_seq:signal_off:none:top1:0.5:20,ml,,25,86.98021600000033,3.479208640000013,0.19813261047836064,34.14989084588463,0.56,49.26593200000025,0.05694760820045558,0.05694760820045558,signal_off,none,0.5,,h12_seq,top1,20.0,12.0
ml:h12_seq:signal_off:none:top1:1:40,ml,,8,86.66080999999964,10.832601249999955,0.19740503416856411,54.44051287093236,0.625,45.39516000000003,0.018223234624145785,0.018223234624145785,signal_off,none,1.0,,h12_seq,top1,40.0,12.0
ml:h12_seq:signal_off:1atr:top1:1:40,ml,,8,86.66080999999964,10.832601249999955,0.19740503416856411,54.44051287093236,0.625,45.39516000000003,0.018223234624145785,0.018223234624145785,signal_off,1atr,1.0,,h12_seq,top1,40.0,12.0
gap:-0.008:1atr:flat:0.5,rule,gap,424,86.28128985715517,0.20349360815366785,0.1965405235926086,5.507020562376118,0.23113207547169812,386.7879492857064,0.9658314350797267,0.5330296127562643,flat,1atr,0.5,-0.008,,,,
ml:h12:signal_off:none:concurrent:0.5:10,ml,,327,79.9377580000123,0.2444579755352058,0.18209056492030135,0.623779034161244,0.4892966360856269,284.6739679999964,0.744874715261959,0.20273348519362186,signal_off,none,0.5,,h12,concurrent,10.0,12.0
ml:h12_seq:signal_off:none:concurrent:1:20,ml,,56,79.08913200000416,1.4123059285715027,0.18015747608201402,3.586300843739683,0.42857142857142855,129.60617199999888,0.1275626423690205,0.05694760820045558,signal_off,none,1.0,,h12_seq,concurrent,20.0,12.0
ml:stack:flat:none:concurrent:1:40,ml,,28,78.86512800000362,2.816611714285844,0.1796472164009194,-7.677785800307954,0.5,184.1229119999989,0.06378132118451026,0.05466970387243736,flat,none,1.0,,stack,concurrent,40.0,12.0
ml:h3:signal_off:none:concurrent:0.5:40,ml,,8,77.98777000000061,9.748471250000076,0.17764867881549112,95.66417005466123,0.5,20.2341779999997,0.018223234624145785,0.009111617312072893,signal_off,none,0.5,,h3,concurrent,40.0,3.0
ml:h3:signal_off:1atr:concurrent:0.5:40,ml,,8,77.98777000000061,9.748471250000076,0.17764867881549112,95.66417005466123,0.5,20.2341779999997,0.018223234624145785,0.009111617312072893,signal_off,1atr,0.5,,h3,concurrent,40.0,3.0
ml:h12_seq:signal_off:1atr:top1:0.5:20,ml,,25,74.71409828571467,2.988563931428587,0.17019156784900835,28.89767346166253,0.56,61.53204971428568,0.05694760820045558,0.05694760820045558,signal_off,1atr,0.5,,h12_seq,top1,20.0,12.0
ml:h3:signal_off:none:top1:0.5:40,ml,,4,72.83170000000035,18.20792500000009,0.16590364464692564,190.36814757813582,0.75,4.836170000000038,0.009111617312072893,0.009111617312072893,signal_off,none,0.5,,h3,top1,40.0,3.0
ml:h3:signal_off:1atr:top1:0.5:40,ml,,4,72.83170000000035,18.20792500000009,0.16590364464692564,190.36814757813582,0.75,4.836170000000038,0.009111617312072893,0.009111617312072893,signal_off,1atr,0.5,,h3,top1,40.0,3.0
gap:-0.008:1atr:flat:1,rule,gap,272,68.81872557144445,0.25301002048325166,0.15676247282789169,4.153417087964341,0.22426470588235295,645.7020222857082,0.6195899772209568,0.5330296127562643,flat,1atr,1.0,-0.008,,,,
ml:h12_seq:signal_off:none:concurrent:0.5:10,ml,,317,68.77170600000865,0.21694544479497996,0.15665536674261651,0.4629309388584545,0.47318611987381703,233.4397759999979,0.7220956719817767,0.1867881548974943,signal_off,none,0.5,,h12_seq,concurrent,10.0,12.0
ml:h12:signal_off:1atr:concurrent:0.5:10,ml,,336,67.5075174285838,0.20091523044221368,0.15377566612433666,-0.4951707968267651,0.4880952380952381,279.2697819999976,0.765375854214123,0.20273348519362186,signal_off,1atr,0.5,,h12,concurrent,10.0,12.0
ml:h6:horizon:none:concurrent:1:10,ml,,262,64.50923200002327,0.24621844274818044,0.14694585876998467,1.012194286427336,0.5610687022900763,435.5977719999928,0.5968109339407744,0.20501138952164008,horizon,none,1.0,,h6,concurrent,10.0,6.0
ml:h12_seq:signal_off:1atr:concurrent:0.5:10,ml,,313,62.828897142866026,0.2007313007759298,0.1431182167263463,0.33175702500628046,0.4728434504792332,222.16381599999704,0.7129840546697038,0.1867881548974943,signal_off,1atr,0.5,,h12_seq,concurrent,10.0,12.0
ml:h6:signal_off:1atr:concurrent:0.5:10,ml,,334,60.447421714298144,0.18098030453382677,0.13769344354054247,2.569531660734458,0.5239520958083832,242.67525428570843,0.7608200455580866,0.20501138952164008,signal_off,1atr,0.5,,h6,concurrent,10.0,6.0
ml:h12_seq:horizon:none:top1:0.5:20,ml,,25,59.44223600000072,2.3776894400000286,0.1354037266514823,24.684347872614964,0.6,49.26593200000025,0.05694760820045558,0.05694760820045558,horizon,none,0.5,,h12_seq,top1,20.0,12.0
ml:h12_wide:horizon:none:concurrent:1:10,ml,,512,59.327480000042826,0.11587398437508364,0.13514232346251212,2.5804312786649244,0.48828125,586.0561599999928,1.1662870159453302,0.4328018223234624,horizon,none,1.0,,h12_wide,concurrent,10.0,12.0
ml:h3:horizon:none:concurrent:0.5:40,ml,,8,56.532062000000366,7.066507750000046,0.12877462870159537,66.7916793260696,0.5,20.2341779999997,0.018223234624145785,0.009111617312072893,horizon,none,0.5,,h3,concurrent,40.0,3.0
ml:h3:horizon:1atr:concurrent:0.5:40,ml,,8,56.532062000000366,7.066507750000046,0.12877462870159537,66.7916793260696,0.5,20.2341779999997,0.018223234624145785,0.009111617312072893,horizon,1atr,0.5,,h3,concurrent,40.0,3.0
ml:h12_seq:signal_off:1atr:concurrent:1:20,ml,,59,53.79072057143284,0.9117071283293702,0.12253011519688575,6.353653631508197,0.4576271186440678,127.01833999999963,0.13439635535307518,0.05694760820045558,signal_off,1atr,1.0,,h12_seq,concurrent,20.0,12.0
ml:h12_wide:signal_off:1atr:concurrent:1:10,ml,,473,51.76267728575381,0.1094348356992681,0.11791042661902917,-2.0100937335594193,0.492600422832981,362.79485871428005,1.0774487471526195,0.4328018223234624,signal_off,1atr,1.0,,h12_wide,concurrent,10.0,12.0
ml:h3:horizon:none:top1:0.5:40,ml,,4,51.37599200000011,12.843998000000028,0.11702959453302986,132.62316612095256,0.75,2.5366300000000592,0.009111617312072893,0.009111617312072893,horizon,none,0.5,,h3,top1,40.0,3.0
ml:h3:horizon:1atr:top1:0.5:40,ml,,4,51.37599200000011,12.843998000000028,0.11702959453302986,132.62316612095256,0.75,2.5366300000000592,0.009111617312072893,0.009111617312072893,horizon,1atr,0.5,,h3,top1,40.0,3.0
ml:h12_seq:horizon:none:top1:1:40,ml,,8,49.40826199999988,6.176032749999985,0.11254729384965804,30.96912405902775,0.625,45.39516000000003,0.018223234624145785,0.018223234624145785,horizon,none,1.0,,h12_seq,top1,40.0,12.0
ml:h12_seq:horizon:1atr:top1:1:40,ml,,8,49.40826199999988,6.176032749999985,0.11254729384965804,30.96912405902775,0.625,45.39516000000003,0.018223234624145785,0.018223234624145785,horizon,1atr,1.0,,h12_seq,top1,40.0,12.0
ml:h12_seq:horizon:1atr:top1:0.5:20,ml,,25,47.17611828571506,1.8870447314286025,0.10746268402212998,19.432130488392858,0.6,61.53204971428568,0.05694760820045558,0.05694760820045558,horizon,1atr,0.5,,h12_seq,top1,20.0,12.0
ml:h12_wide:horizon:1atr:concurrent:1:10,ml,,507,45.64868571432851,0.09003685545232447,0.10398333875701254,2.391547733635737,0.4891518737672584,566.2492939999938,1.1548974943052392,0.4328018223234624,horizon,1atr,1.0,,h12_wide,concurrent,10.0,12.0
ml:h6:horizon:1atr:concurrent:1:10,ml,,256,44.63233971430891,0.1743450770090192,0.1016681998048039,0.5835292486941669,0.56640625,433.03651599999057,0.5831435079726651,0.20501138952164008,horizon,1atr,1.0,,h6,concurrent,10.0,6.0
ml:h12_wide:signal_off:none:concurrent:0.5:10,ml,,740,44.30818600002925,0.05987592702706656,0.10092980865610308,2.4985587919716843,0.5175675675675676,323.42482599999653,1.6856492027334853,0.4328018223234624,signal_off,none,0.5,,h12_wide,concurrent,10.0,12.0
ml:h12_seq:signal_off:none:top1:0.5:40,ml,,8,39.61093399999986,4.951366749999982,0.09022991799544387,54.44051287093236,0.625,22.69757999999956,0.018223234624145785,0.018223234624145785,signal_off,none,0.5,,h12_seq,top1,40.0,12.0
ml:h12_seq:signal_off:1atr:top1:0.5:40,ml,,8,39.61093399999986,4.951366749999982,0.09022991799544387,54.44051287093236,0.625,22.69757999999956,0.018223234624145785,0.018223234624145785,signal_off,1atr,0.5,,h12_seq,top1,40.0,12.0
ml:h12_seq:signal_off:none:concurrent:0.5:20,ml,,94,38.338192000002806,0.4078531063830086,0.08733073348520001,5.733734906197843,0.4787234042553192,124.34462999999823,0.214123006833713,0.05694760820045558,signal_off,none,0.5,,h12_seq,concurrent,20.0,12.0
gap:-0.002:1atr:flat:1,rule,gap,410,31.418028285739183,0.0766293372822907,0.07156726260988425,-0.11210668273485186,0.2073170731707317,626.9959299999903,0.9339407744874715,0.7676537585421412,flat,1atr,1.0,-0.002,,,,
gap:-0.008:1atr:60min:0.5,rule,gap,427,31.042478000013958,0.07269901170963457,0.07071179498864227,2.815070598070094,0.3770491803278688,243.8829465714207,0.9726651480637813,0.5330296127562643,60min,1atr,0.5,-0.008,,,,
ml:h12_seq:signal_off:1atr:concurrent:0.5:20,ml,,95,25.848070285717114,0.27208495037596964,0.05887943117475425,4.783327940204876,0.4842105263157895,124.26041999999825,0.2164009111617312,0.05694760820045558,signal_off,1atr,0.5,,h12_seq,concurrent,20.0,12.0
ml:h12_wide:signal_off:1atr:concurrent:0.5:10,ml,,742,24.931503142886513,0.033600408548364574,0.05679157891318112,1.7932026901950238,0.5121293800539084,323.72083828570135,1.6902050113895217,0.4328018223234624,signal_off,1atr,0.5,,h12_wide,concurrent,10.0,12.0
ml:h12_seq:horizon:1atr:top1:0.5:40,ml,,8,20.874681999999964,2.6093352499999956,0.04755052847380402,30.96912405902775,0.625,22.69757999999956,0.018223234624145785,0.018223234624145785,horizon,1atr,0.5,,h12_seq,top1,40.0,12.0
ml:h12_seq:horizon:none:top1:0.5:40,ml,,8,20.874681999999964,2.6093352499999956,0.04755052847380402,30.96912405902775,0.625,22.69757999999956,0.018223234624145785,0.018223234624145785,horizon,none,0.5,,h12_seq,top1,40.0,12.0
gap:-0.015:none:flat:1,rule,gap,148,17.155794000008413,0.11591752702708387,0.03907925740320823,5.6123652483067845,0.5,757.9708959999978,0.33712984054669703,0.2984054669703872,flat,none,1.0,-0.015,,,,
gap:-0.008:none:flat:0.5,rule,gap,416,14.675850000012531,0.0352784855769532,0.03343018223237479,0.5374823517423839,0.4855769230769231,655.2915739999944,0.9476082004555809,0.5330296127562643,flat,none,0.5,-0.008,,,,
ml:h6:horizon:none:concurrent:0.5:10,ml,,435,13.22266800001674,0.030396937931072964,0.030119972665186193,-0.06819407262494229,0.5287356321839081,250.69760599999745,0.9908883826879271,0.20501138952164008,horizon,none,0.5,,h6,concurrent,10.0,6.0
ml:h12:signal_off:none:concurrent:0.5:20,ml,,146,5.605090000005973,0.038391027397301186,0.012767858769945267,-0.15046291099987336,0.5273972602739726,310.01599599999736,0.3325740318906606,0.07289293849658314,signal_off,none,0.5,,h12,concurrent,20.0,12.0
ml:h6:horizon:1atr:concurrent:0.5:10,ml,,434,-0.9268697142690598,-0.002135644502924101,-0.0021113205336425055,-1.3683710873063113,0.5207373271889401,257.8971457142811,0.9886104783599089,0.20501138952164008,horizon,1atr,0.5,,h6,concurrent,10.0,6.0
gap:-0.015:none:60min:1,rule,gap,147,-3.4196559999869294,-0.02326296598630564,-0.0077896492027037115,-3.5332182158124605,0.5102040816326531,209.1638759999978,0.3348519362186788,0.2984054669703872,60min,none,1.0,-0.015,,,,
ml:stack:flat:none:concurrent:0.5:40,ml,,41,-3.7985219999976465,-0.09264687804872308,-0.008652669703867076,-10.165156798646658,0.5121951219512195,186.95117000000118,0.09339407744874716,0.05466970387243736,flat,none,0.5,,stack,concurrent,40.0,12.0
ml:h12:signal_off:1atr:concurrent:0.5:20,ml,,146,-4.559473714279747,-0.031229272015614706,-0.01038604490724316,-0.1811755869947467,0.5273972602739726,310.01599599999736,0.3325740318906606,0.07289293849658314,signal_off,1atr,0.5,,h12,concurrent,20.0,12.0
ml:h12_seq:horizon:none:concurrent:1:10,ml,,210,-4.7248339999826925,-0.022499209523727106,-0.01076271981772823,-5.374696047094953,0.4714285714285714,411.1621199999897,0.4783599088838269,0.1867881548974943,horizon,none,1.0,,h12_seq,concurrent,10.0,12.0
ml:h12_seq:horizon:none:concurrent:1:20,ml,,71,-5.686739999994572,-0.08009492957738834,-0.012953849658301986,-2.67674410990441,0.4647887323943662,171.06155999999737,0.16173120728929385,0.05694760820045558,horizon,none,1.0,,h12_seq,concurrent,20.0,12.0
ml:stack:flat:1atr:concurrent:0.5:40,ml,,42,-7.885080285711766,-0.1877400068026611,-0.017961458509594,-7.6650797114886196,0.5238095238095238,186.8064318571437,0.09567198177676538,0.05466970387243736,flat,1atr,0.5,,stack,concurrent,40.0,12.0
ml:h12_seq:horizon:1atr:concurrent:1:10,ml,,210,-10.768236285696815,-0.05127731564617531,-0.024529012040311653,-6.693121966748811,0.4714285714285714,415.22698828570515,0.4783599088838269,0.1867881548974943,horizon,1atr,1.0,,h12_seq,concurrent,10.0,12.0
gap:-0.002:1atr:flat:0.5,rule,gap,708,-13.693693142835556,-0.019341374495530448,-0.031192922876618578,-0.2836797069945057,0.211864406779661,494.852198142853,1.612756264236902,0.7676537585421412,flat,1atr,0.5,-0.002,,,,
gap:-0.004:1atr:flat:0.5,rule,gap,596,-15.098883714268155,-0.025333697507161333,-0.0343938125609753,0.8104398408627362,0.21644295302013422,437.39340371427943,1.357630979498861,0.6765375854214123,flat,1atr,0.5,-0.004,,,,
ml:h12_wide:horizon:none:concurrent:0.5:10,ml,,799,-21.832805999969167,-0.027325163954905092,-0.049733043280112,1.4048121244753091,0.49937421777221525,369.0831239999957,1.8200455580865604,0.4328018223234624,horizon,none,0.5,,h12_wide,concurrent,10.0,12.0
h2_opening_reversal,rule,frozen,412,-23.047851999969993,-0.05594138834944173,-0.05250080182225511,-0.9002739156177729,0.4029126213592233,479.4539425714163,0.9384965831435079,0.8109339407744874,,,,,,,,
ml:h12_wide:horizon:1atr:concurrent:0.5:10,ml,,798,-23.52114714282648,-0.02947512173286526,-0.0535789228765979,1.1738471320445159,0.5,365.6977577142811,1.817767653758542,0.4328018223234624,horizon,1atr,0.5,,h12_wide,concurrent,10.0,12.0
ml:h12_seq:horizon:1atr:concurrent:1:20,ml,,63,-33.8663134285659,-0.5375605306121571,-0.07714422193295194,-7.212031649894963,0.4603174603174603,167.8850199999979,0.14350797266514806,0.05694760820045558,horizon,1atr,1.0,,h12_seq,concurrent,20.0,12.0
ml:h12_seq:horizon:none:concurrent:0.5:20,ml,,112,-38.288139999996815,-0.34185839285711445,-0.0872167198177604,-0.4602424194206285,0.49107142857142855,143.8365419999982,0.255125284738041,0.05694760820045558,horizon,none,0.5,,h12_seq,concurrent,20.0,12.0
ml:h12:horizon:none:concurrent:0.5:10,ml,,354,-41.398799999988455,-0.1169457627118318,-0.09430250569473453,-1.8655198119489165,0.4717514124293785,327.3896439999928,0.806378132118451,0.20273348519362186,horizon,none,0.5,,h12,concurrent,10.0,12.0
ml:h12_seq:horizon:1atr:concurrent:0.5:20,ml,,114,-47.975599714282396,-0.4208385939849333,-0.1092838262284337,0.7036772595946456,0.5,144.06072999999742,0.25968109339407747,0.05694760820045558,horizon,1atr,0.5,,h12_seq,concurrent,20.0,12.0
ml:stack:flat:1atr:concurrent:0.5:10,ml,,349,-49.205907999988696,-0.14099114040111374,-0.11208635079724076,3.8788970886187886,0.5186246418338109,414.5750179999943,0.7949886104783599,0.4396355353075171,flat,1atr,0.5,,stack,concurrent,10.0,12.0
ml:h12_wide:horizon:1atr:concurrent:0.5:20,ml,,322,-57.56019542856063,-0.17875837089615104,-0.13111661828829302,-5.626440570532142,0.484472049689441,364.64172942856544,0.7334851936218679,0.20273348519362186,horizon,1atr,0.5,,h12_wide,concurrent,20.0,12.0
ml:h12_wide:horizon:none:concurrent:0.5:20,ml,,323,-58.84793399998925,-0.1821917461299977,-0.13404996355350626,-6.774530168224072,0.48297213622291024,365.92946799999413,0.7357630979498861,0.20273348519362186,horizon,none,0.5,,h12_wide,concurrent,20.0,12.0
ml:h12:horizon:1atr:concurrent:0.5:10,ml,,351,-66.57089128570269,-0.18966065893362588,-0.15164212137973276,-2.116398283738667,0.4700854700854701,347.5689752857061,0.7995444191343963,0.20273348519362186,horizon,1atr,0.5,,h12,concurrent,10.0,12.0
ml:stack:flat:1atr:concurrent:0.5:20,ml,,153,-68.89854657142367,-0.45031729785244223,-0.1569442974292111,1.3282285675955594,0.49019607843137253,253.13316728571158,0.34851936218678814,0.20956719817767655,flat,1atr,0.5,,stack,concurrent,20.0,12.0
gap:-0.008:none:60min:0.5,rule,gap,432,-76.52128199998467,-0.17713259722218672,-0.17430815945326802,0.4118440901864014,0.5069444444444444,277.7467359999923,0.9840546697038725,0.5330296127562643,60min,none,0.5,-0.008,,,,
ml:stack:flat:none:concurrent:0.5:20,ml,,152,-77.98112599999526,-0.5130337236841793,-0.1776335444191236,6.147434089622671,0.5,314.4709280000002,0.3462414578587699,0.20956719817767655,flat,none,0.5,,stack,concurrent,20.0,12.0
gap:-0.004:none:flat:1,rule,gap,355,-87.87846399997801,-0.24754496901402256,-0.20017873348514353,2.7229509723776233,0.5014084507042254,1198.0928419999918,0.8086560364464692,0.6765375854214123,flat,none,1.0,-0.004,,,,
d_rs_leader,rule,frozen,439,-98.3055582856786,-0.223930656687195,-0.223930656687195,-0.43699264530192716,0.2528473804100228,485.6403061428457,1.0,1.0,,,,,,,,
gap:-0.004:1atr:60min:0.5,rule,gap,601,-107.39953714283806,-0.17870139291653586,-0.24464587048482472,-1.8128864945224064,0.34775374376039936,305.391914999994,1.3690205011389522,0.6765375854214123,60min,1atr,0.5,-0.004,,,,
ml:stack:flat:none:concurrent:1:10,ml,,229,-110.43110599998853,-0.4822319039300809,-0.25155149430521306,5.447958634067855,0.5283842794759825,662.6622739999962,0.5216400911161732,0.4396355353075171,flat,none,1.0,,stack,concurrent,10.0,12.0
gap:-0.002:none:flat:0.5,rule,gap,708,-111.65761599997808,-0.1577084971751103,-0.2543453667425469,-3.7889102917469906,0.4788135593220339,915.9467979999936,1.612756264236902,0.7676537585421412,flat,none,0.5,-0.002,,,,
ml:h12:signal_off:none:concurrent:1:20,ml,,82,-117.31594199999267,-1.4306822195121058,-0.26723449202731814,-7.545049467581768,0.47560975609756095,486.4729299999992,0.1867881548974943,0.07289293849658314,signal_off,none,1.0,,h12,concurrent,20.0,12.0
ml:h12_wide:horizon:none:concurrent:0.5:40,ml,,126,-123.83096199999594,-0.9827854126983805,-0.28207508428245087,-19.572884846726378,0.4365079365079365,263.74302599999896,0.2870159453302961,0.07517084282460136,horizon,none,0.5,,h12_wide,concurrent,40.0,12.0
ml:h12:signal_off:1atr:concurrent:1:20,ml,,84,-129.83433942856402,-1.5456468979590956,-0.29575020370971306,-10.985679074717424,0.47619047619047616,483.60118199999874,0.19134396355353075,0.07289293849658314,signal_off,1atr,1.0,,h12,concurrent,20.0,12.0
ml:h12_seq:horizon:none:concurrent:0.5:10,ml,,325,-139.26603399999,-0.428510873846123,-0.3172347015945102,-7.8092984685405495,0.4430769230769231,314.10651399999415,0.7403189066059226,0.1867881548974943,horizon,none,0.5,,h12_seq,concurrent,10.0,12.0
ml:h12_wide:horizon:1atr:concurrent:0.5:40,ml,,126,-144.67918171428158,-1.1482474739228696,-0.329565334201097,-20.61499147057997,0.4365079365079365,276.7213997142842,0.2870159453302961,0.07517084282460136,horizon,1atr,0.5,,h12_wide,concurrent,40.0,12.0
ml:h12_seq:horizon:1atr:concurrent:0.5:10,ml,,324,-146.60308885713272,-0.45247866931213804,-0.33394781060850276,-8.03558521200601,0.44753086419753085,323.20375885713656,0.7380410022779044,0.1867881548974943,horizon,1atr,0.5,,h12_seq,concurrent,10.0,12.0
d_pullback,rule,frozen,439,-166.20175999996655,-0.3785917084281698,-0.3785917084281698,-1.6478156081120436,0.23006833712984054,348.89829199998735,1.0,1.0,,,,,,,,
h1_spy,rule,frozen,243,-171.914969857119,-0.7074690117576913,-0.3916058538886537,-4.1396188281732265,0.345679012345679,191.1591738571217,0.5535307517084282,0.5535307517084282,,,,,,,,
ml:h12:horizon:none:concurrent:0.5:20,ml,,172,-176.42446399999466,-1.0257236279069457,-0.40187805011388306,-14.931999219936658,0.4418604651162791,342.27280199999905,0.3917995444191344,0.07289293849658314,horizon,none,0.5,,h12,concurrent,20.0,12.0
gap:-0.008:1atr:60min:1,rule,gap,274,-182.3559825714085,-0.6655327831073303,-0.4153894819394271,-4.147949892894075,0.35766423357664234,389.80451699999094,0.6241457858769932,0.5330296127562643,60min,1atr,1.0,-0.008,,,,
ml:h12:horizon:1atr:concurrent:0.5:20,ml,,170,-185.9671517142803,-1.0939244218487076,-0.4236153797591807,-16.292992460611536,0.4411764705882353,351.81548971428356,0.38724373576309795,0.07289293849658314,horizon,1atr,0.5,,h12,concurrent,20.0,12.0
gap:-0.004:none:flat:0.5,rule,gap,594,-192.48740199998178,-0.3240528653198347,-0.43846788610474213,-2.8648946398127784,0.48653198653198654,843.9270179999953,1.3530751708428246,0.6765375854214123,flat,none,0.5,-0.004,,,,
gap:-0.002:1atr:60min:0.5,rule,gap,706,-193.35061171426298,-0.27386772197487674,-0.4404341952488906,-3.6601565457967506,0.3356940509915014,354.3127627142794,1.6082004555808656,0.7676537585421412,60min,1atr,0.5,-0.002,,,,
ml:h12_wide:horizon:none:concurrent:1:40,ml,,79,-202.29250599999511,-2.5606646329113305,-0.4608029749430413,-14.20059994908139,0.5063291139240507,381.2136179999957,0.17995444191343962,0.07517084282460136,horizon,none,1.0,,h12_wide,concurrent,40.0,12.0
h1_stocks,rule,frozen,511,-207.5107314285347,-0.4060875370421423,-0.47268959323128634,-2.5658050427743277,0.4794520547945205,280.6628338571072,1.1640091116173121,0.9043280182232346,,,,,,,,
ml:h12_wide:horizon:1atr:concurrent:1:40,ml,,79,-224.30150742856648,-2.8392595877033733,-0.5109373745525433,-18.66369793768244,0.4936708860759494,403.22261942856676,0.17995444191343962,0.07517084282460136,horizon,1atr,1.0,,h12_wide,concurrent,40.0,12.0
gap:-0.004:none:60min:0.5,rule,gap,593,-232.18176999997883,-0.39153755480603514,-0.5288878587698834,-4.540071440230506,0.5025295109612141,396.9575839999907,1.3507972665148065,0.6765375854214123,60min,none,0.5,-0.004,,,,
gap:-0.004:1atr:60min:1,rule,gap,353,-234.5826999999745,-0.664540226628823,-0.5343569476081423,-4.79833236522013,0.34560906515580736,390.05416671427474,0.8041002277904328,0.6765375854214123,60min,1atr,1.0,-0.004,,,,
ml:stack:flat:none:concurrent:0.5:10,ml,,344,-238.32829799999013,-0.6928148197674132,-0.5428890615033943,0.5327298735759105,0.5232558139534884,472.5255599999987,0.7835990888382688,0.4396355353075171,flat,none,0.5,,stack,concurrent,10.0,12.0
ml:h12:horizon:none:concurrent:1:20,ml,,97,-255.9112799999923,-2.6382606185566218,-0.5829414123006659,-18.723647021888475,0.4020618556701031,496.9323139999965,0.22095671981776766,0.07289293849658314,horizon,none,1.0,,h12,concurrent,20.0,12.0
gap:-0.004:none:60min:1,rule,gap,354,-265.36230399997015,-0.7496110282485032,-0.6044699407744195,-5.323167055820722,0.4971751412429379,500.69035799998824,0.806378132118451,0.6765375854214123,60min,none,1.0,-0.004,,,,
gap:-0.008:none:60min:1,rule,gap,272,-269.4666599999782,-0.9906862499999199,-0.6138192710705654,-7.445161982725257,0.46691176470588236,464.09839199999055,0.6195899772209568,0.5330296127562643,60min,none,1.0,-0.008,,,,
ml:h12:horizon:1atr:concurrent:1:20,ml,,100,-283.17678028570646,-2.8317678028570645,-0.6450496134070762,-16.0405939964937,0.41,524.1978142857101,0.22779043280182232,0.07289293849658314,horizon,1atr,1.0,,h12,concurrent,20.0,12.0
gap:-0.002:none:60min:0.5,rule,gap,707,-285.0486039999756,-0.40318048656290756,-0.6493134487470971,-4.056520459508897,0.504950495049505,441.0112039999899,1.6104783599088839,0.7676537585421412,60min,none,0.5,-0.002,,,,
gap:-0.008:none:flat:1,rule,gap,276,-292.62907599998573,-1.0602502753622671,-0.666581038724341,0.4567146433031418,0.4927536231884058,1093.8956139999964,0.6287015945330297,0.5330296127562643,flat,none,1.0,-0.008,,,,
gap:-0.002:1atr:60min:1,rule,gap,411,-302.76361485711374,-0.7366511310392062,-0.6896665486494619,-6.46554705911299,0.3309002433090024,389.85643742855905,0.9362186788154897,0.7676537585421412,60min,1atr,1.0,-0.002,,,,
ml:stack:flat:1atr:concurrent:1:20,ml,,107,-311.29465328570745,-2.90929582510007,-0.7090994380084452,2.2339263929120863,0.514018691588785,507.98152857142304,0.2437357630979499,0.20956719817767655,flat,1atr,1.0,,stack,concurrent,20.0,12.0
gap:-0.002:none:60min:1,rule,gap,412,-344.3423179999671,-0.8357823252426386,-0.7843788564919525,-6.714317403624308,0.49029126213592233,504.5895599999883,0.9384965831435079,0.7676537585421412,60min,none,1.0,-0.002,,,,
gap:-0.002:none:flat:1,rule,gap,404,-394.6240299999766,-0.9767921534652886,-0.8989157858769399,-0.2294935354610901,0.49257425742574257,1259.2641259999914,0.9202733485193622,0.7676537585421412,flat,none,1.0,-0.002,,,,
ml:stack:flat:none:concurrent:1:20,ml,,110,-443.6156399999942,-4.032869454545402,-1.0105139863325607,-3.5952924607776064,0.5,617.7895039999964,0.2505694760820046,0.20956719817767655,flat,none,1.0,,stack,concurrent,20.0,12.0
d_vwap_stretch,rule,frozen,439,-478.4509857142556,-1.0898655711030878,-1.0898655711030878,-6.211167579099421,0.4806378132118451,573.2734648571152,1.0,1.0,,,,,,,,
h3_vwap_shortfall,rule,frozen,1319,-481.152581999918,-0.36478588476112056,-1.0960195489747564,-2.7405510251882674,0.4624715693707354,638.6534398570652,3.0045558086560367,1.0,,,,,,,,
ml:stack:flat:1atr:concurrent:0.5:0,ml,,1243,-584.6869514285349,-0.4703837099183708,-1.3318609371948404,-5.80755755754327,0.4746580852775543,720.2658694285358,2.8314350797266514,0.9863325740318907,flat,1atr,0.5,,stack,concurrent,0.0,12.0
h4_opening_range,rule,frozen,605,-710.0298859999626,-1.17360311735531,-1.6173801503416005,-12.010666406017409,0.41818181818181815,976.4843619999676,1.3781321184510251,0.958997722095672,,,,,,,,
ml:stack:flat:none:concurrent:0.5:0,ml,,1245,-731.271427999967,-0.5873666088353149,-1.6657663507971914,-7.387670523966934,0.472289156626506,861.6424559999673,2.835990888382688,0.9863325740318907,flat,none,0.5,,stack,concurrent,0.0,12.0
d_vwap_reclaim,rule,frozen,438,-743.8788164285363,-1.698353462165608,-1.6944847754636363,-10.668227783187747,0.23059360730593606,767.743361857106,0.9977220956719818,0.9977220956719818,,,,,,,,
d_orb,rule,frozen,412,-760.480737999968,-1.845827033980505,-1.7323023644646196,-11.346274079801457,0.4077669902912621,944.7086479999716,0.9384965831435079,0.9384965831435079,,,,,,,,
ml:stack:flat:1atr:concurrent:1:0,ml,,596,-891.7255457142599,-1.496183801533993,-2.0312654799869243,-10.882247646964716,0.43791946308724833,1065.0734897142574,1.357630979498861,0.9863325740318907,flat,1atr,1.0,,stack,concurrent,0.0,12.0
ml:h12:horizon:1atr:concurrent:0.5:0,ml,,4912,-956.8076194284556,-0.19478982480221002,-2.179516217376892,-3.8972402470287437,0.46294788273615634,1037.0186914284488,11.189066059225512,0.9316628701594533,horizon,1atr,0.5,,h12,concurrent,0.0,12.0
ml:h12:horizon:none:concurrent:0.5:0,ml,,4908,-961.3036199998834,-0.19586463325180997,-2.1897576765373197,-3.820422603990301,0.4641401792991035,1042.0739979998773,11.17995444191344,0.9316628701594533,horizon,none,0.5,,h12,concurrent,0.0,12.0
ml:h12_wide:horizon:none:concurrent:0.5:0,ml,,5040,-984.275921999887,-0.19529284166664426,-2.2420863826876696,-4.067556628499859,0.4666666666666667,1051.7660659998992,11.480637813211844,0.9498861047835991,horizon,none,0.5,,h12_wide,concurrent,0.0,12.0
ml:h12:signal_off:none:concurrent:0.5:0,ml,,5183,-990.8024659998823,-0.19116389465558214,-2.25695322551226,-4.105000597808139,0.4512830407100135,1065.0442459998867,11.806378132118452,0.9316628701594533,signal_off,none,0.5,,h12,concurrent,0.0,12.0
ml:h12:signal_off:1atr:concurrent:0.5:0,ml,,5169,-1000.1358964284545,-0.1934873082662903,-2.2782138870807622,-3.781218310818201,0.4536660862836139,1074.3776764284548,11.774487471526196,0.9316628701594533,signal_off,1atr,0.5,,h12,concurrent,0.0,12.0
ml:h12_wide:horizon:1atr:concurrent:0.5:0,ml,,5061,-1001.5359549998896,-0.19789289764866422,-2.281403086560113,-4.217698384034593,0.46868207864058486,1068.1754909999022,11.528473804100228,0.9498861047835991,horizon,1atr,0.5,,h12_wide,concurrent,0.0,12.0
ml:h12_wide:horizon:none:concurrent:1:0,ml,,2603,-1050.1732299998748,-0.40344726469453507,-2.392194145785592,-4.536726655487339,0.46484825201690355,1116.272223999878,5.929384965831435,0.9521640091116174,horizon,none,1.0,,h12_wide,concurrent,0.0,12.0
ml:stack:flat:none:concurrent:1:0,ml,,612,-1053.8501179999776,-1.7219773169934274,-2.400569744874664,-15.7521067054306,0.4362745098039216,1224.3888479999778,1.3940774487471526,0.9863325740318907,flat,none,1.0,,stack,concurrent,0.0,12.0
ml:h12_seq:horizon:1atr:concurrent:0.5:0,ml,,4846,-1056.3279418570373,-0.21797935242613234,-2.4062139905627276,-3.635193444311685,0.4568716467189435,1147.4898898570366,11.03872437357631,0.9157175398633257,horizon,1atr,0.5,,h12_seq,concurrent,0.0,12.0
ml:h12:signal_off:none:concurrent:1:0,ml,,2707,-1059.7273999998858,-0.391476690062758,-2.413957630979239,-3.9370190745639664,0.44809752493535276,1141.2477059998796,6.16628701594533,0.9316628701594533,signal_off,none,1.0,,h12,concurrent,0.0,12.0
ml:h12_seq:horizon:none:concurrent:0.5:0,ml,,4857,-1061.5359339998956,-0.2185579439983314,-2.4180772984052292,-3.732559622438095,0.4576899320568252,1152.697881999894,11.06378132118451,0.9157175398633257,horizon,none,0.5,,h12_seq,concurrent,0.0,12.0
ml:h12:signal_off:1atr:concurrent:1:0,ml,,2732,-1088.5175205713163,-0.39843247458686537,-2.4795387712330665,-4.233070505238159,0.44619326500732065,1175.6373205713107,6.223234624145786,0.9316628701594533,signal_off,1atr,1.0,,h12,concurrent,0.0,12.0
ml:h12_seq:signal_off:none:concurrent:0.5:0,ml,,4901,-1093.1069199998983,-0.22303752703527818,-2.489992984054438,-3.9327087362449635,0.4568455417261783,1197.785859999894,11.164009111617313,0.9157175398633257,signal_off,none,0.5,,h12_seq,concurrent,0.0,12.0
ml:h12_seq:signal_off:1atr:concurrent:0.5:0,ml,,4932,-1094.6972275713263,-0.22195807533887393,-2.493615552554274,-3.851771617495035,0.45742092457420924,1199.3761675713235,11.234624145785878,0.9157175398633257,signal_off,1atr,0.5,,h12_seq,concurrent,0.0,12.0
ml:h12_wide:horizon:1atr:concurrent:1:0,ml,,2630,-1100.434567142735,-0.4184161852253745,-2.506684663195296,-4.370634587383784,0.46730038022813686,1166.5335611427386,5.990888382687927,0.9521640091116174,horizon,1atr,1.0,,h12_wide,concurrent,0.0,12.0
ml:h12_seq:signal_off:1atr:concurrent:1:0,ml,,2566,-1113.1444301427541,-0.43380531182492366,-2.5356365151315585,-3.542842148958579,0.45869056897895555,1208.443372142756,5.8451025056947605,0.9157175398633257,signal_off,1atr,1.0,,h12_seq,concurrent,0.0,12.0
ml:h12_seq:signal_off:none:concurrent:1:0,ml,,2614,-1120.8226639998975,-0.428776841621996,-2.5531267972662812,-3.42906996746256,0.4575363427697016,1216.1216059998965,5.954441913439635,0.9157175398633257,signal_off,none,1.0,,h12_seq,concurrent,0.0,12.0
ml:h12:horizon:1atr:concurrent:1:0,ml,,2546,-1124.385897999892,-0.44162839670066456,-2.5612435034166103,-4.020186721455156,0.45758051846032993,1233.065033999896,5.7995444191343966,0.9316628701594533,horizon,1atr,1.0,,h12,concurrent,0.0,12.0
ml:h12_seq:horizon:1atr:concurrent:1:0,ml,,2439,-1173.4123985713293,-0.4811038944531895,-2.6729211812558753,-4.7307926328733,0.45674456744567443,1297.7023385713383,5.555808656036446,0.9157175398633257,horizon,1atr,1.0,,h12_seq,concurrent,0.0,12.0
ml:h12:horizon:none:concurrent:1:0,ml,,2544,-1182.2692219998946,-0.4647284677672542,-2.6930961776762974,-4.796093348395232,0.4583333333333333,1289.1934059998957,5.79498861047836,0.9316628701594533,horizon,none,1.0,,h12,concurrent,0.0,12.0
ml:h12_wide:signal_off:1atr:concurrent:0.5:0,ml,,5420,-1184.3530335713215,-0.2185153198471073,-2.697842901073625,-4.559010312938512,0.4612546125461255,1270.2897295713312,12.34624145785877,0.9498861047835991,signal_off,1atr,0.5,,h12_wide,concurrent,0.0,12.0
ml:h12_wide:signal_off:none:concurrent:0.5:0,ml,,5413,-1187.9607359998931,-0.21946438869386534,-2.7060609020498703,-4.493669309056082,0.4601884352484759,1273.8974319999038,12.330296127562642,0.9498861047835991,signal_off,none,0.5,,h12_wide,concurrent,0.0,12.0
ml:h12_wide:signal_off:none:concurrent:1:0,ml,,2962,-1200.7402099998828,-0.40538156988517315,-2.7351713211842434,-4.832989449432168,0.46320054017555706,1327.1749499998823,6.747152619589977,0.9521640091116174,signal_off,none,1.0,,h12_wide,concurrent,0.0,12.0
ml:h12_seq:horizon:none:concurrent:1:0,ml,,2414,-1208.774323999903,-0.5007350140844669,-2.753472264236681,-5.2857005365038185,0.45567522783761394,1333.0642639999123,5.498861047835991,0.9157175398633257,horizon,none,1.0,,h12_seq,concurrent,0.0,12.0
ml:h12_wide:signal_off:1atr:concurrent:1:0,ml,,2952,-1232.9020537141716,-0.41764974719314757,-2.8084329241780677,-5.061092841756191,0.46239837398373984,1359.336793714176,6.724373576309795,0.9521640091116174,signal_off,1atr,1.0,,h12_wide,concurrent,0.0,12.0
ml:h6:signal_off:none:concurrent:0.5:0,ml,,8905,-1554.411059999852,-0.17455486355978123,-3.540799681093057,-4.20413491213636,0.4446939921392476,1651.8499099998533,20.284738041002278,0.9635535307517085,signal_off,none,0.5,,h6,concurrent,0.0,6.0
ml:h6:signal_off:1atr:concurrent:0.5:0,ml,,8859,-1567.8989939998535,-0.17698374466642436,-3.5715239043276843,-4.273864519880421,0.4458742521729315,1665.3378439998592,20.17995444191344,0.9635535307517085,signal_off,1atr,0.5,,h6,concurrent,0.0,6.0
ml:h6:horizon:none:concurrent:0.5:0,ml,,9274,-1612.8793859998543,-0.17391410243690472,-3.6739849339404427,-4.233666517503829,0.4519085615699806,1701.1834219998607,21.125284738041003,0.9635535307517085,horizon,none,0.5,,h6,concurrent,0.0,6.0
ml:h6:horizon:1atr:concurrent:0.5:0,ml,,9269,-1613.0200822855704,-0.17402309658922974,-3.6743054266186115,-4.250656935746873,0.45215233574279856,1701.3241182855757,21.113895216400913,0.9635535307517085,horizon,1atr,0.5,,h6,concurrent,0.0,6.0
ml:h6:signal_off:none:concurrent:1:0,ml,,4872,-1616.726941999858,-0.33184050533658827,-3.682749298405143,-4.128936214795353,0.44991789819376027,1710.3865339998615,11.097949886104784,0.9658314350797267,signal_off,none,1.0,,h6,concurrent,0.0,6.0
ml:h6:signal_off:1atr:concurrent:1:0,ml,,4877,-1625.8482065712874,-0.3333705570168725,-3.703526666449402,-4.420978352591538,0.4476112364158294,1720.2999425712935,11.109339407744875,0.9658314350797267,signal_off,1atr,1.0,,h6,concurrent,0.0,6.0
ml:h6:horizon:none:concurrent:1:0,ml,,5106,-1676.9030719998586,-0.3284181496278611,-3.8198247653755324,-4.135263841722057,0.44966705836271054,1742.915223999868,11.630979498861048,0.9658314350797267,horizon,none,1.0,,h6,concurrent,0.0,6.0
ml:h6:horizon:1atr:concurrent:1:0,ml,,5080,-1682.8468351427155,-0.3312690620359676,-3.833364089163361,-4.200718986337071,0.44763779527559056,1748.8589871427253,11.571753986332574,0.9658314350797267,horizon,1atr,1.0,,h6,concurrent,0.0,6.0
ml:h3:signal_off:none:concurrent:0.5:0,ml,,13221,-1750.504587999802,-0.1324033422585131,-3.9874819772205057,-3.7694591403723843,0.42878753498222527,1837.912151999812,30.11617312072893,0.9772209567198178,signal_off,none,0.5,,h3,concurrent,0.0,3.0
ml:h3:signal_off:1atr:concurrent:0.5:0,ml,,13026,-1751.6985072855189,-0.13447708485225848,-3.9902016111287444,-3.766066800400964,0.42791340396130817,1839.1060712855278,29.671981776765374,0.9772209567198178,signal_off,1atr,0.5,,h3,concurrent,0.0,3.0
ml:h3:horizon:none:concurrent:0.5:0,ml,,13133,-1784.79524199981,-0.13590156415135993,-4.065592806377699,-4.060206342228281,0.431051549531714,1838.0863519998175,29.915717539863326,0.715261958997722,horizon,none,0.5,,h3,concurrent,0.0,3.0
ml:h3:horizon:1atr:concurrent:0.5:0,ml,,13134,-1784.8131864283819,-0.13589258309946564,-4.065633682069207,-4.081171360003232,0.4307141769453327,1838.104296428392,29.917995444191344,0.715261958997722,horizon,1atr,0.5,,h3,concurrent,0.0,3.0
ml:h3:signal_off:1atr:concurrent:1:0,ml,,7923,-1836.8937217140904,-0.23184320607271114,-4.184268158802028,-4.125777930340071,0.4292565947242206,1911.1474797140963,18.047835990888384,0.9840546697038725,signal_off,1atr,1.0,,h3,concurrent,0.0,3.0
ml:h3:signal_off:none:concurrent:1:0,ml,,7942,-1839.4803619998056,-0.23161424855197754,-4.190160277903885,-4.078472900309356,0.42822966507177035,1913.7341199998114,18.091116173120728,0.9840546697038725,signal_off,none,1.0,,h3,concurrent,0.0,3.0
ml:h3:horizon:1atr:concurrent:1:0,ml,,9506,-1942.4943115712133,-0.20434402604367907,-4.424816199478846,-3.9618370685520663,0.43193772354302545,2038.5908635712115,21.65375854214123,0.9612756264236902,horizon,1atr,1.0,,h3,concurrent,0.0,3.0
ml:h3:horizon:none:concurrent:1:0,ml,,9381,-1942.4998379997824,-0.20706745954586742,-4.424828788154402,-3.897434399877693,0.43151049994670077,2038.5963899997835,21.36902050113895,0.9612756264236902,horizon,none,1.0,,h3,concurrent,0.0,3.0
